INSERT INTO COUNTRIES (COUNTRY_ID, NAME) VALUES (1, 'France');
INSERT INTO COUNTRIES (COUNTRY_ID, NAME) VALUES (2, 'SPAIN');
INSERT INTO COUNTRIES (COUNTRY_ID, NAME) VALUES (3, 'Great Britain');
INSERT INTO COUNTRIES (COUNTRY_ID, NAME) VALUES (4, 'China');
INSERT INTO COUNTRIES (COUNTRY_ID, NAME) VALUES (5, 'Netherlands');
INSERT INTO COUNTRIES (COUNTRY_ID, NAME) VALUES (6, 'Israel');
INSERT INTO COUNTRIES (COUNTRY_ID, NAME) VALUES (7, 'USA');
INSERT INTO COUNTRIES (COUNTRY_ID, NAME) VALUES (8, 'Turkey');
INSERT INTO COUNTRIES (COUNTRY_ID, NAME) VALUES (9, 'Germany');
INSERT INTO COUNTRIES (COUNTRY_ID, NAME) VALUES (10, 'Thailand');
INSERT INTO COUNTRIES (COUNTRY_ID, NAME) VALUES (11, 'Italy');
INSERT INTO COUNTRIES (COUNTRY_ID, NAME) VALUES (12, 'Japan');
INSERT INTO COUNTRIES (COUNTRY_ID, NAME) VALUES (13, 'Austria');
INSERT INTO COUNTRIES (COUNTRY_ID, NAME) VALUES (14, 'Greece');
INSERT INTO COUNTRIES (COUNTRY_ID, NAME) VALUES (15, 'Russia');
INSERT INTO COUNTRIES (COUNTRY_ID, NAME) VALUES (16, 'Canada');
INSERT INTO COUNTRIES (COUNTRY_ID, NAME) VALUES (17, 'Australia');
INSERT INTO COUNTRIES (COUNTRY_ID, NAME) VALUES (18, 'Egypt');
INSERT INTO COUNTRIES (COUNTRY_ID, NAME) VALUES (19, 'Mehico');
INSERT INTO COUNTRIES (COUNTRY_ID, NAME) VALUES (20, 'India');
INSERT INTO COUNTRIES (COUNTRY_ID, NAME) VALUES (21, 'Vietnam');
INSERT INTO COUNTRIES (COUNTRY_ID, NAME) VALUES (22, 'Brazil');
INSERT INTO COUNTRIES (COUNTRY_ID, NAME) VALUES (23, 'Indonesia');
INSERT INTO COUNTRIES (COUNTRY_ID, NAME) VALUES (24, 'Switzerland');
INSERT INTO COUNTRIES (COUNTRY_ID, NAME) VALUES (25, 'Bulgaria');
INSERT INTO COUNTRIES (COUNTRY_ID, NAME) VALUES (26, 'Maldives');
INSERT INTO COUNTRIES (COUNTRY_ID, NAME) VALUES (27, 'Sri Lanka');
INSERT INTO COUNTRIES (COUNTRY_ID, NAME) VALUES (28, 'Bali');
INSERT INTO COUNTRIES (COUNTRY_ID, NAME) VALUES (29, 'Sweden');
INSERT INTO COUNTRIES (COUNTRY_ID, NAME) VALUES (30, 'Tanzania');
INSERT INTO COUNTRIES (COUNTRY_ID, NAME) VALUES (31, 'Malaysia');
INSERT INTO COUNTRIES (COUNTRY_ID, NAME) VALUES (32, 'Seychelles');
INSERT INTO COUNTRIES (COUNTRY_ID, NAME) VALUES (33, 'Tunisia');
INSERT INTO COUNTRIES (COUNTRY_ID, NAME) VALUES (34, 'Quatar');
INSERT INTO COUNTRIES (COUNTRY_ID, NAME) VALUES (35, 'Morocco');
INSERT INTO COUNTRIES (COUNTRY_ID, NAME) VALUES (36, 'Argentina');
INSERT INTO COUNTRIES (COUNTRY_ID, NAME) VALUES (37, 'Dominican Republic');
INSERT INTO COUNTRIES (COUNTRY_ID, NAME) VALUES (38, 'Panama');
INSERT INTO COUNTRIES (COUNTRY_ID, NAME) VALUES (39, 'Saudi Arabia');
INSERT INTO COUNTRIES (COUNTRY_ID, NAME) VALUES (40, 'Belarus');
INSERT INTO HOTELS (HOTEL_ID, NAME, WEBSITE, STARS, LATITUDE, LONGITUDE) VALUES (1, 'Cromlix Hotel', 'https://www.cromlix.com', 5, 56.2317882, -3.9663499);
INSERT INTO HOTELS (HOTEL_ID, NAME, WEBSITE, STARS, LATITUDE, LONGITUDE) VALUES (2, 'Park Hyatt Saigon', 'https://www.hyatt.com', 5, 10.7775637, 106.7034373);
INSERT INTO HOTELS (HOTEL_ID, NAME, WEBSITE, STARS, LATITUDE, LONGITUDE) VALUES (3, 'Hotel Nena', 'http://www.istanbulHOTELnena.com', 5, 41.0079153, 28.9711302);
INSERT INTO HOTELS (HOTEL_ID, NAME, WEBSITE, STARS, LATITUDE, LONGITUDE) VALUES (4, 'Raffles Jakarta', 'https://www.raffles.ru', 5, -6.2236500, 106.8215033);
INSERT INTO HOTELS (HOTEL_ID, NAME, WEBSITE, STARS, LATITUDE, LONGITUDE) VALUES (5, 'Mercer Hotel Barcelona', 'https://www.mercerbarcelona.com', 1, 41.382704, 2.1770112);
INSERT INTO HOTELS (HOTEL_ID, NAME, WEBSITE, STARS, LATITUDE, LONGITUDE) VALUES (6, 'Archipelagos Hotel', 'https://www.archipelagos.gr', 5, 37.4328997, 25.4097432);
INSERT INTO HOTELS (HOTEL_ID, NAME, WEBSITE, STARS, LATITUDE, LONGITUDE) VALUES (7, 'Belmond Hotel Splendido', 'https://www.belmond.com', 5, 44.3048291, 9.2087355);
INSERT INTO HOTELS (HOTEL_ID, NAME, WEBSITE, STARS, LATITUDE, LONGITUDE) VALUES (8, 'La Mamounia', 'https://www.mamounia.com/en/', 5, 31.6215107, -7.9996798);
INSERT INTO HOTELS (HOTEL_ID, NAME, WEBSITE, STARS, LATITUDE, LONGITUDE) VALUES (9, 'Dunton Town House', 'https://www.duntondestinations.com', 5, 37.9365640, -107.815201);
INSERT INTO HOTELS (HOTEL_ID, NAME, WEBSITE, STARS, LATITUDE, LONGITUDE) VALUES (10, 'The Taj Mahal Palace', 'https://www.tajhotelS.com/en-in/taj/taj-mahal-palace-mumbai/', 5, 18.9217342, 72.8308422);
INSERT INTO HOTELS (HOTEL_ID, NAME, WEBSITE, STARS, LATITUDE, LONGITUDE) VALUES (11, 'Das Stue', 'https://www.das-stue.com', 5, 52.509869, 13.3437037);
INSERT INTO HOTELS (HOTEL_ID, NAME, WEBSITE, STARS, LATITUDE, LONGITUDE) VALUES (12, 'Hotel Continental', 'https://www.hotelcontinental.no', 5, 52.5070502, 13.3434453);
INSERT INTO HOTELS (HOTEL_ID, NAME, WEBSITE, STARS, LATITUDE, LONGITUDE) VALUES (13, 'Villa Maly', 'https://www.villa-maly.com', 5, 19.885176, 102.1293873);
INSERT INTO HOTELS (HOTEL_ID, NAME, WEBSITE, STARS, LATITUDE, LONGITUDE) VALUES (14, 'The Chatwal', 'https://www.thechatwalny.com', 2, 40.7565223, -73.9867904);
INSERT INTO HOTELS (HOTEL_ID, NAME, WEBSITE, STARS, LATITUDE, LONGITUDE) VALUES (15, 'Beau-Rivage Palace', 'https://www.brp.ch', 5, 46.5080572, 6.6279638);
INSERT INTO HOTELS (HOTEL_ID, NAME, WEBSITE, STARS, LATITUDE, LONGITUDE) VALUES (16, 'Umaid Bhawan Palace', 'https://www.umaidbhawan.com', 5, 26.2810637, 73.0455045);
INSERT INTO HOTELS (HOTEL_ID, NAME, WEBSITE, STARS, LATITUDE, LONGITUDE) VALUES (17, 'Aranwa Cusco Boutique Hotel', 'https://aranwahotels.com', 5, -13.5168818, -71.9830917);
INSERT INTO HOTELS (HOTEL_ID, NAME, WEBSITE, STARS, LATITUDE, LONGITUDE) VALUES (18, 'COMO Uma Paro', 'https://www.comohotels.com', 5, 27.4157158, 89.426247);
INSERT INTO HOTELS (HOTEL_ID, NAME, WEBSITE, STARS, LATITUDE, LONGITUDE) VALUES (19, 'JW Marriott El Convento Cusco', 'https://www.marriott.com/hotels/travel/cuzmc-jw-marriott-el-convento-cusco/', 5, -13.5170068, -71.9781927);
INSERT INTO HOTELS (HOTEL_ID, NAME, WEBSITE, STARS, LATITUDE, LONGITUDE) VALUES (20, 'Fairmont Hotel Vier Jahreszeiten', 'https://www.fairmont.com/vier-jahreszeiten-hamburg/', 5, 53.5556321, 9.9890997);
INSERT INTO HOTELS (HOTEL_ID, NAME, WEBSITE, STARS, LATITUDE, LONGITUDE) VALUES (21, 'Taj Jai Mahal Palace', 'https://www.tajhotels.com/en-in/taj/jai-mahal-palace-jaipur/', 5, 26.9121383, 75.7829819);
INSERT INTO HOTELS (HOTEL_ID, NAME, WEBSITE, STARS, LATITUDE, LONGITUDE) VALUES (22, 'One&Only Cape Town', 'https://www.oneandonlyresorts.com', 3, -33.9085275, 18.4142853);
INSERT INTO HOTELS (HOTEL_ID, NAME, WEBSITE, STARS, LATITUDE, LONGITUDE) VALUES (23, 'XV Beacon', 'https://xvbeacon.com', 3, 42.3583270, -71.0641184);
INSERT INTO HOTELS (HOTEL_ID, NAME, WEBSITE, STARS, LATITUDE, LONGITUDE) VALUES (24, 'The Temple House', 'https://www.thetemplehousehotel.com/en/default', 5, 42.3551623, -71.0642029);
INSERT INTO HOTELS (HOTEL_ID, NAME, WEBSITE, STARS, LATITUDE, LONGITUDE) VALUES (25, 'Inkaterra La Casona', 'https://www.inkaterra.com', 5, -13.5151718, -71.9796147);
INSERT INTO HOTELS (HOTEL_ID, NAME, WEBSITE, STARS, LATITUDE, LONGITUDE) VALUES (26, 'Sagamore Pendry Baltimore', 'https://www.pendry.com', 5, 39.2811492, -76.5942660);
INSERT INTO HOTELS (HOTEL_ID, NAME, WEBSITE, STARS, LATITUDE, LONGITUDE) VALUES (27, 'Finca Cortesin', 'http://www.fincacortesin.com/hotel', 5, 36.4082676, -5.2770934);
INSERT INTO HOTELS (HOTEL_ID, NAME, WEBSITE, STARS, LATITUDE, LONGITUDE) VALUES (28, 'Rambagh Palace', 'https://www.tajhotels.com/en-in/taj/rambagh-palace-jaipur/', 5, 26.8981101, 75.8059611);
INSERT INTO HOTELS (HOTEL_ID, NAME, WEBSITE, STARS, LATITUDE, LONGITUDE) VALUES (29, 'Mystique', 'https://mystique.gr', 5, 26.8981101, 75.8059611);INSERT INTO HOTELS (HOTEL_ID, NAME, WEBSITE, STARS, LATITUDE, LONGITUDE) VALUES (30, 'Hotel Matilda', 'https://hotelmatilda.com', 5, 20.910505, -100.7458567);
INSERT INTO HOTELS (HOTEL_ID, NAME, WEBSITE, STARS, LATITUDE, LONGITUDE) VALUES (31, 'The Norman Tel Aviv', 'https://www.thenorman.com', 5, 32.0659922, 34.7732923);INSERT INTO HOTELS (HOTEL_ID, NAME, WEBSITE, STARS, LATITUDE, LONGITUDE) VALUES (32, 'Ellerman House', 'https://www.ellerman.co.za', 5, -33.9290255, 18.3753713);
INSERT INTO HOTELS (HOTEL_ID, NAME, WEBSITE, STARS, LATITUDE, LONGITUDE) VALUES (33, 'Gibb\'s Farm', 'https://www.gibbsfarm.com', 5, -36.5198421, 174.4467866);INSERT INTO HOTELS (HOTEL_ID, NAME, WEBSITE, STARS, LATITUDE, LONGITUDE) VALUES (34 'Hôtel Métropole Monte-Carlo', 'https://www.metropole.com/en/home', 5, 43.7413946, 7.4259424,);
INSERT INTO HOTELS (HOTEL_ID, NAME, WEBSITE, STARS, LATITUDE, LONGITUDE) VALUES (35, 'Birkenhead House', 'https://www.mrandmrssmith.com/luxury-hotels/birkenhead-house', 5, -34.4099586, 19.2783663);INSERT INTO HOTELS (HOTEL_ID, NAME, WEBSITE, STARS, LATITUDE, LONGITUDE) VALUES (36, 'La Residence', 'https://laresidencemykonos.com', 4, -33.8982905, 19.1178439);
INSERT INTO HOTELS (HOTEL_ID, NAME, WEBSITE, STARS, LATITUDE, LONGITUDE) VALUES (37, 'Cotton House Hotel', 'https://www.hotelcottonhouse.com', 4, 41.3917635, 2.1695809);INSERT INTO HOTELS (HOTEL_ID, NAME, WEBSITE, STARS, LATITUDE, LONGITUDE) VALUES (38, 'Sofitel Legend Santa Clara Cartagena', 'https://sofitel.accorhotels.com/gb/hotel-1871-sofitel-legend-santa-clara-cartagena/index.shtml', 5, 10.4283021, -75.549942);
INSERT INTO HOTELS (HOTEL_ID, NAME, WEBSITE, STARS, LATITUDE, LONGITUDE) VALUES (39, 'Rosewood San Miguel de Allende', 'https://www.rosewoodhotels.com/en/default', 5, 20.9090341, -100.7473388);INSERT INTO HOTELS (HOTEL_ID, NAME, WEBSITE, STARS, LATITUDE, LONGITUDE) VALUES (40, 'The Ritz-Carlton Shanghai', 'https://www.ritzcarlton.com', 5, 31.2318672, 121.4589561);
INSERT INTO HOTELS (HOTEL_ID, NAME, WEBSITE, STARS, LATITUDE, LONGITUDE) VALUES (41, 'Abadia Retuerta LeDomaine', 'https://www.abadia-retuerta.com', 5, 41.6163550, -4.4128267);INSERT INTO HOTELS (HOTEL_ID, NAME, WEBSITE, STARS, LATITUDE, LONGITUDE) VALUES (42, 'Capella Singapore', 'https://www.capellahotels.com/en', 5, 1.2496207, 103.8222185);
INSERT INTO HOTELS (HOTEL_ID, NAME, WEBSITE, STARS, LATITUDE, LONGITUDE) VALUES (43, 'Hacienda de San Antonio', 'https://haciendadesanantonio.com', 5, 19.4485900, -103.7217947);INSERT INTO HOTELS (HOTEL_ID, NAME, WEBSITE, STARS, LATITUDE, LONGITUDE) VALUES (44, 'Baur au Lac', 'https://www.bauraulac.ch', 5, 47.3673045, 8.5371692);
INSERT INTO HOTELS (HOTEL_ID, NAME, WEBSITE, STARS, LATITUDE, LONGITUDE) VALUES (45, 'The Twelve Apostles Hotel and Spa', 'https://www.12apostleshotel.com', 5, -33.9835217, 18.3567792);
INSERT INTO HOTELS (HOTEL_ID, NAME, WEBSITE, STARS, LATITUDE, LONGITUDE) VALUES (46, 'Suiran', 'https://www.marriott.com/default.mi', 5, 35.0136324, 135.6710943);
INSERT INTO HOTELS (HOTEL_ID, NAME, WEBSITE, STARS, LATITUDE, LONGITUDE) VALUES (47, 'Royal Mansour', 'https://www.royalmansour.com', 5, 31.6251671, -8.0005349);
INSERT INTO HOTELS (HOTEL_ID, NAME, WEBSITE, STARS, LATITUDE, LONGITUDE) VALUES (48, 'Taj Falaknuma Palace', 'https://www.tajhotels.com/en-in/taj/taj-falaknuma-palace-hyderabad/', 5, 17.3313346, 78.4639825);
INSERT INTO HOTELS (HOTEL_ID, NAME, WEBSITE, STARS, LATITUDE, LONGITUDE) VALUES (49, 'COMO Uma Punakha', 'https://www.comohotels.com/en/umapunakha', 5, 27.6347842, 89.7983837);
INSERT INTO HOTELS (HOTEL_ID, NAME, WEBSITE, STARS, LATITUDE, LONGITUDE) VALUES (50, 'Cartesiano', 'https://hotelcartesiano.com', 5, 19.0410281, -98.1961018);


INSERT INTO FEATURES (FEATURE_ID, NAME) VALUES (1, 'air conditioner');
INSERT INTO FEATURES (FEATURE_ID, NAME) VALUES (2, 'cable TV');
INSERT INTO FEATURES (FEATURE_ID, NAME) VALUES (3, 'car rental');
INSERT INTO FEATURES (FEATURE_ID, NAME) VALUES (4, 'mini-bar');
INSERT INTO FEATURES (FEATURE_ID, NAME) VALUES (5, 'parking');
INSERT INTO FEATURES (FEATURE_ID, NAME) VALUES (6, 'restaurant');
INSERT INTO FEATURES (FEATURE_ID, NAME) VALUES (7, 'room service');
INSERT INTO FEATURES (FEATURE_ID, NAME) VALUES (8, 'spa');
INSERT INTO FEATURES (FEATURE_ID, NAME) VALUES (9, 'swimming pool');
INSERT INTO FEATURES (FEATURE_ID, NAME) VALUES (10, 'wi-fi');


INSERT INTO HOTELS_FEATURES (HOTEL_ID, FEATURE_ID) VALUES (1, 1);
INSERT INTO HOTELS_FEATURES (HOTEL_ID, FEATURE_ID) VALUES (1, 2);
INSERT INTO HOTELS_FEATURES (HOTEL_ID, FEATURE_ID) VALUES (1, 3);

INSERT INTO HOTELS_FEATURES (HOTEL_ID, FEATURE_ID) VALUES (2, 2);
INSERT INTO HOTELS_FEATURES (HOTEL_ID, FEATURE_ID) VALUES (2, 3);
INSERT INTO HOTELS_FEATURES (HOTEL_ID, FEATURE_ID) VALUES (2, 4);

INSERT INTO HOTELS_FEATURES (HOTEL_ID, FEATURE_ID) VALUES (3, 3);
INSERT INTO HOTELS_FEATURES (HOTEL_ID, FEATURE_ID) VALUES (3, 4);
INSERT INTO HOTELS_FEATURES (HOTEL_ID, FEATURE_ID) VALUES (3, 5);

INSERT INTO HOTELS_FEATURES (HOTEL_ID, FEATURE_ID) VALUES (4, 4);
INSERT INTO HOTELS_FEATURES (HOTEL_ID, FEATURE_ID) VALUES (4, 5);
INSERT INTO HOTELS_FEATURES (HOTEL_ID, FEATURE_ID) VALUES (4, 6);

INSERT INTO HOTELS_FEATURES (HOTEL_ID, FEATURE_ID) VALUES (5, 5);
INSERT INTO HOTELS_FEATURES (HOTEL_ID, FEATURE_ID) VALUES (5, 6);
INSERT INTO HOTELS_FEATURES (HOTEL_ID, FEATURE_ID) VALUES (5, 7);

INSERT INTO HOTELS_FEATURES (HOTEL_ID, FEATURE_ID) VALUES (6, 6);
INSERT INTO HOTELS_FEATURES (HOTEL_ID, FEATURE_ID) VALUES (6, 7);
INSERT INTO HOTELS_FEATURES (HOTEL_ID, FEATURE_ID) VALUES (6, 8);

INSERT INTO HOTELS_FEATURES (HOTEL_ID, FEATURE_ID) VALUES (7, 7);
INSERT INTO HOTELS_FEATURES (HOTEL_ID, FEATURE_ID) VALUES (7, 8);
INSERT INTO HOTELS_FEATURES (HOTEL_ID, FEATURE_ID) VALUES (7, 9);

INSERT INTO HOTELS_FEATURES (HOTEL_ID, FEATURE_ID) VALUES (8, 8);
INSERT INTO HOTELS_FEATURES (HOTEL_ID, FEATURE_ID) VALUES (8, 9);
INSERT INTO HOTELS_FEATURES (HOTEL_ID, FEATURE_ID) VALUES (8, 10);

INSERT INTO HOTELS_FEATURES (HOTEL_ID, FEATURE_ID) VALUES (9, 9);
INSERT INTO HOTELS_FEATURES (HOTEL_ID, FEATURE_ID) VALUES (9, 10);
INSERT INTO HOTELS_FEATURES (HOTEL_ID, FEATURE_ID) VALUES (9, 1);

INSERT INTO HOTELS_FEATURES (HOTEL_ID, FEATURE_ID) VALUES (10, 10);
INSERT INTO HOTELS_FEATURES (HOTEL_ID, FEATURE_ID) VALUES (10, 1);
INSERT INTO HOTELS_FEATURES (HOTEL_ID, FEATURE_ID) VALUES (10, 2);

INSERT INTO HOTELS_FEATURES (HOTEL_ID, FEATURE_ID) VALUES (11, 1);
INSERT INTO HOTELS_FEATURES (HOTEL_ID, FEATURE_ID) VALUES (11, 3);
INSERT INTO HOTELS_FEATURES (HOTEL_ID, FEATURE_ID) VALUES (11, 5);

INSERT INTO HOTELS_FEATURES (HOTEL_ID, FEATURE_ID) VALUES (12, 2);
INSERT INTO HOTELS_FEATURES (HOTEL_ID, FEATURE_ID) VALUES (12, 4);
INSERT INTO HOTELS_FEATURES (HOTEL_ID, FEATURE_ID) VALUES (12, 6);

INSERT INTO HOTELS_FEATURES (HOTEL_ID, FEATURE_ID) VALUES (13, 3);
INSERT INTO HOTELS_FEATURES (HOTEL_ID, FEATURE_ID) VALUES (13, 5);
INSERT INTO HOTELS_FEATURES (HOTEL_ID, FEATURE_ID) VALUES (13, 7);

INSERT INTO HOTELS_FEATURES (HOTEL_ID, FEATURE_ID) VALUES (14, 4);
INSERT INTO HOTELS_FEATURES (HOTEL_ID, FEATURE_ID) VALUES (14, 6);
INSERT INTO HOTELS_FEATURES (HOTEL_ID, FEATURE_ID) VALUES (14, 8);

INSERT INTO HOTELS_FEATURES (HOTEL_ID, FEATURE_ID) VALUES (15, 5);
INSERT INTO HOTELS_FEATURES (HOTEL_ID, FEATURE_ID) VALUES (15, 7);
INSERT INTO HOTELS_FEATURES (HOTEL_ID, FEATURE_ID) VALUES (15, 9);

INSERT INTO HOTELS_FEATURES (HOTEL_ID, FEATURE_ID) VALUES (16, 6);
INSERT INTO HOTELS_FEATURES (HOTEL_ID, FEATURE_ID) VALUES (16, 8);
INSERT INTO HOTELS_FEATURES (HOTEL_ID, FEATURE_ID) VALUES (16, 10);

INSERT INTO HOTELS_FEATURES (HOTEL_ID, FEATURE_ID) VALUES (17, 7);
INSERT INTO HOTELS_FEATURES (HOTEL_ID, FEATURE_ID) VALUES (17, 9);
INSERT INTO HOTELS_FEATURES (HOTEL_ID, FEATURE_ID) VALUES (17, 1);

INSERT INTO HOTELS_FEATURES (HOTEL_ID, FEATURE_ID) VALUES (18, 8);
INSERT INTO HOTELS_FEATURES (HOTEL_ID, FEATURE_ID) VALUES (18, 10);
INSERT INTO HOTELS_FEATURES (HOTEL_ID, FEATURE_ID) VALUES (18, 2);

INSERT INTO HOTELS_FEATURES (HOTEL_ID, FEATURE_ID) VALUES (19, 9);
INSERT INTO HOTELS_FEATURES (HOTEL_ID, FEATURE_ID) VALUES (19, 1);
INSERT INTO HOTELS_FEATURES (HOTEL_ID, FEATURE_ID) VALUES (19, 3);

INSERT INTO HOTELS_FEATURES (HOTEL_ID, FEATURE_ID) VALUES (20, 10);
INSERT INTO HOTELS_FEATURES (HOTEL_ID, FEATURE_ID) VALUES (20, 2);
INSERT INTO HOTELS_FEATURES (HOTEL_ID, FEATURE_ID) VALUES (20, 4);

INSERT INTO HOTELS_FEATURES (HOTEL_ID, FEATURE_ID) VALUES (21, 1);
INSERT INTO HOTELS_FEATURES (HOTEL_ID, FEATURE_ID) VALUES (21, 4);
INSERT INTO HOTELS_FEATURES (HOTEL_ID, FEATURE_ID) VALUES (21, 7);

INSERT INTO HOTELS_FEATURES (HOTEL_ID, FEATURE_ID) VALUES (22, 2);
INSERT INTO HOTELS_FEATURES (HOTEL_ID, FEATURE_ID) VALUES (22, 5);
INSERT INTO HOTELS_FEATURES (HOTEL_ID, FEATURE_ID) VALUES (22, 8);

INSERT INTO HOTELS_FEATURES (HOTEL_ID, FEATURE_ID) VALUES (23, 3);
INSERT INTO HOTELS_FEATURES (HOTEL_ID, FEATURE_ID) VALUES (23, 6);
INSERT INTO HOTELS_FEATURES (HOTEL_ID, FEATURE_ID) VALUES (23, 9);

INSERT INTO HOTELS_FEATURES (HOTEL_ID, FEATURE_ID) VALUES (24, 4);
INSERT INTO HOTELS_FEATURES (HOTEL_ID, FEATURE_ID) VALUES (24, 7);
INSERT INTO HOTELS_FEATURES (HOTEL_ID, FEATURE_ID) VALUES (24, 10);

INSERT INTO HOTELS_FEATURES (HOTEL_ID, FEATURE_ID) VALUES (25, 5);
INSERT INTO HOTELS_FEATURES (HOTEL_ID, FEATURE_ID) VALUES (25, 8);
INSERT INTO HOTELS_FEATURES (HOTEL_ID, FEATURE_ID) VALUES (25, 1);

INSERT INTO HOTELS_FEATURES (HOTEL_ID, FEATURE_ID) VALUES (26, 6);
INSERT INTO HOTELS_FEATURES (HOTEL_ID, FEATURE_ID) VALUES (26, 9);
INSERT INTO HOTELS_FEATURES (HOTEL_ID, FEATURE_ID) VALUES (26, 2);

INSERT INTO HOTELS_FEATURES (HOTEL_ID, FEATURE_ID) VALUES (27, 7);
INSERT INTO HOTELS_FEATURES (HOTEL_ID, FEATURE_ID) VALUES (27, 10);
INSERT INTO HOTELS_FEATURES (HOTEL_ID, FEATURE_ID) VALUES (27, 3);

INSERT INTO HOTELS_FEATURES (HOTEL_ID, FEATURE_ID) VALUES (28, 8);
INSERT INTO HOTELS_FEATURES (HOTEL_ID, FEATURE_ID) VALUES (28, 1);
INSERT INTO HOTELS_FEATURES (HOTEL_ID, FEATURE_ID) VALUES (28, 4);

INSERT INTO HOTELS_FEATURES (HOTEL_ID, FEATURE_ID) VALUES (29, 9);
INSERT INTO HOTELS_FEATURES (HOTEL_ID, FEATURE_ID) VALUES (29, 2);
INSERT INTO HOTELS_FEATURES (HOTEL_ID, FEATURE_ID) VALUES (29, 5);

INSERT INTO HOTELS_FEATURES (HOTEL_ID, FEATURE_ID) VALUES (30, 10);
INSERT INTO HOTELS_FEATURES (HOTEL_ID, FEATURE_ID) VALUES (30, 3);
INSERT INTO HOTELS_FEATURES (HOTEL_ID, FEATURE_ID) VALUES (30, 6);

INSERT INTO HOTELS_FEATURES (HOTEL_ID, FEATURE_ID) VALUES (31, 1);
INSERT INTO HOTELS_FEATURES (HOTEL_ID, FEATURE_ID) VALUES (31, 5);
INSERT INTO HOTELS_FEATURES (HOTEL_ID, FEATURE_ID) VALUES (31, 9);

INSERT INTO HOTELS_FEATURES (HOTEL_ID, FEATURE_ID) VALUES (32, 2);
INSERT INTO HOTELS_FEATURES (HOTEL_ID, FEATURE_ID) VALUES (32, 6);
INSERT INTO HOTELS_FEATURES (HOTEL_ID, FEATURE_ID) VALUES (32, 10);

INSERT INTO HOTELS_FEATURES (HOTEL_ID, FEATURE_ID) VALUES (33, 3);
INSERT INTO HOTELS_FEATURES (HOTEL_ID, FEATURE_ID) VALUES (33, 7);
INSERT INTO HOTELS_FEATURES (HOTEL_ID, FEATURE_ID) VALUES (33, 1);

INSERT INTO HOTELS_FEATURES (HOTEL_ID, FEATURE_ID) VALUES (34, 4);
INSERT INTO HOTELS_FEATURES (HOTEL_ID, FEATURE_ID) VALUES (34, 8);
INSERT INTO HOTELS_FEATURES (HOTEL_ID, FEATURE_ID) VALUES (34, 2);

INSERT INTO HOTELS_FEATURES (HOTEL_ID, FEATURE_ID) VALUES (35, 5);
INSERT INTO HOTELS_FEATURES (HOTEL_ID, FEATURE_ID) VALUES (35, 9);
INSERT INTO HOTELS_FEATURES (HOTEL_ID, FEATURE_ID) VALUES (35, 3);

INSERT INTO HOTELS_FEATURES (HOTEL_ID, FEATURE_ID) VALUES (36, 6);
INSERT INTO HOTELS_FEATURES (HOTEL_ID, FEATURE_ID) VALUES (36, 10);
INSERT INTO HOTELS_FEATURES (HOTEL_ID, FEATURE_ID) VALUES (36, 4);

INSERT INTO HOTELS_FEATURES (HOTEL_ID, FEATURE_ID) VALUES (37, 7);
INSERT INTO HOTELS_FEATURES (HOTEL_ID, FEATURE_ID) VALUES (37, 1);
INSERT INTO HOTELS_FEATURES (HOTEL_ID, FEATURE_ID) VALUES (37, 5);

INSERT INTO HOTELS_FEATURES (HOTEL_ID, FEATURE_ID) VALUES (38, 8);
INSERT INTO HOTELS_FEATURES (HOTEL_ID, FEATURE_ID) VALUES (38, 2);
INSERT INTO HOTELS_FEATURES (HOTEL_ID, FEATURE_ID) VALUES (38, 6);

INSERT INTO HOTELS_FEATURES (HOTEL_ID, FEATURE_ID) VALUES (39, 9);
INSERT INTO HOTELS_FEATURES (HOTEL_ID, FEATURE_ID) VALUES (39, 3);
INSERT INTO HOTELS_FEATURES (HOTEL_ID, FEATURE_ID) VALUES (39, 7);

INSERT INTO HOTELS_FEATURES (HOTEL_ID, FEATURE_ID) VALUES (40, 10);
INSERT INTO HOTELS_FEATURES (HOTEL_ID, FEATURE_ID) VALUES (40, 4);
INSERT INTO HOTELS_FEATURES (HOTEL_ID, FEATURE_ID) VALUES (40, 8);

INSERT INTO HOTELS_FEATURES (HOTEL_ID, FEATURE_ID) VALUES (41, 1);
INSERT INTO HOTELS_FEATURES (HOTEL_ID, FEATURE_ID) VALUES (41, 6);
INSERT INTO HOTELS_FEATURES (HOTEL_ID, FEATURE_ID) VALUES (41, 10);

INSERT INTO HOTELS_FEATURES (HOTEL_ID, FEATURE_ID) VALUES (42, 2);
INSERT INTO HOTELS_FEATURES (HOTEL_ID, FEATURE_ID) VALUES (42, 7);
INSERT INTO HOTELS_FEATURES (HOTEL_ID, FEATURE_ID) VALUES (42, 1);

INSERT INTO HOTELS_FEATURES (HOTEL_ID, FEATURE_ID) VALUES (43, 3);
INSERT INTO HOTELS_FEATURES (HOTEL_ID, FEATURE_ID) VALUES (43, 8);
INSERT INTO HOTELS_FEATURES (HOTEL_ID, FEATURE_ID) VALUES (43, 2);

INSERT INTO HOTELS_FEATURES (HOTEL_ID, FEATURE_ID) VALUES (44, 4);
INSERT INTO HOTELS_FEATURES (HOTEL_ID, FEATURE_ID) VALUES (44, 9);
INSERT INTO HOTELS_FEATURES (HOTEL_ID, FEATURE_ID) VALUES (44, 3);

INSERT INTO HOTELS_FEATURES (HOTEL_ID, FEATURE_ID) VALUES (45, 5);
INSERT INTO HOTELS_FEATURES (HOTEL_ID, FEATURE_ID) VALUES (45, 10);
INSERT INTO HOTELS_FEATURES (HOTEL_ID, FEATURE_ID) VALUES (45, 4);

INSERT INTO HOTELS_FEATURES (HOTEL_ID, FEATURE_ID) VALUES (46, 6);
INSERT INTO HOTELS_FEATURES (HOTEL_ID, FEATURE_ID) VALUES (46, 1);
INSERT INTO HOTELS_FEATURES (HOTEL_ID, FEATURE_ID) VALUES (46, 5);

INSERT INTO HOTELS_FEATURES (HOTEL_ID, FEATURE_ID) VALUES (47, 7);
INSERT INTO HOTELS_FEATURES (HOTEL_ID, FEATURE_ID) VALUES (47, 2);
INSERT INTO HOTELS_FEATURES (HOTEL_ID, FEATURE_ID) VALUES (47, 6);

INSERT INTO HOTELS_FEATURES (HOTEL_ID, FEATURE_ID) VALUES (48, 8);
INSERT INTO HOTELS_FEATURES (HOTEL_ID, FEATURE_ID) VALUES (48, 3);
INSERT INTO HOTELS_FEATURES (HOTEL_ID, FEATURE_ID) VALUES (48, 7);

INSERT INTO HOTELS_FEATURES (HOTEL_ID, FEATURE_ID) VALUES (49, 9);
INSERT INTO HOTELS_FEATURES (HOTEL_ID, FEATURE_ID) VALUES (49, 4);
INSERT INTO HOTELS_FEATURES (HOTEL_ID, FEATURE_ID) VALUES (49, 8);

INSERT INTO HOTELS_FEATURES (HOTEL_ID, FEATURE_ID) VALUES (50, 10);
INSERT INTO HOTELS_FEATURES (HOTEL_ID, FEATURE_ID) VALUES (50, 5);
INSERT INTO HOTELS_FEATURES (HOTEL_ID, FEATURE_ID) VALUES (50, 4);



INSERT INTO USERS (USER_ID, LOGIN, PASSWORD) VALUES (1, 'ElonMusk', 'SpaceXXX');
INSERT INTO USERS (USER_ID, LOGIN, PASSWORD) VALUES (2, 'StefenHawking', 'Universe');
INSERT INTO USERS (USER_ID, LOGIN, PASSWORD) VALUES (3, 'TeslaNicola', 'HighVoltage');
INSERT INTO USERS (USER_ID, LOGIN, PASSWORD) VALUES (4, 'CharlesDarwin', 'Evolution');
INSERT INTO USERS (USER_ID, LOGIN, PASSWORD) VALUES (5, 'AlbertEinstein', 'TheoryOfRelativity');
INSERT INTO USERS (USER_ID, LOGIN, PASSWORD) VALUES (6, 'LeonardoDaVinci', 'MonaLisa');
INSERT INTO USERS (USER_ID, LOGIN, PASSWORD) VALUES (7, 'MaxPlanck', 'Constant');
INSERT INTO USERS (USER_ID, LOGIN, PASSWORD) VALUES (8, 'MarieCurie', 'Radium');
INSERT INTO USERS (USER_ID, LOGIN, PASSWORD) VALUES (9, 'ThomasEdison', 'ElectricPower');
INSERT INTO USERS (USER_ID, LOGIN, PASSWORD) VALUES (10, 'IsaacNEWton', 'Gravity');
INSERT INTO USERS (USER_ID, LOGIN, PASSWORD) VALUES (11, 'GalileoGalilei', 'SunSystem');
INSERT INTO USERS (USER_ID, LOGIN, PASSWORD) VALUES (12, 'MichaelFaradey', 'ElectroChemistry');
INSERT INTO USERS (USER_ID, LOGIN, PASSWORD) VALUES (13, 'KarlMarx', 'Capital');
INSERT INTO USERS (USER_ID, LOGIN, PASSWORD) VALUES (14, 'SigmundFreud', 'EgoAndIt');
INSERT INTO USERS (USER_ID, LOGIN, PASSWORD) VALUES (15, 'Maxwell', 'ElectroMagnetism');
INSERT INTO USERS (USER_ID, LOGIN, PASSWORD) VALUES (16, 'MichailLomonosov', 'Venus');
INSERT INTO USERS (USER_ID, LOGIN, PASSWORD) VALUES (17, 'DmitriMendeleev', 'PeriodicTable');
INSERT INTO USERS (USER_ID, LOGIN, PASSWORD) VALUES (18, 'NicolausCopernicus', 'Heliocentrism');
INSERT INTO USERS (USER_ID, LOGIN, PASSWORD) VALUES (19, 'LouisPasteur', 'Vaccination');
INSERT INTO USERS (USER_ID, LOGIN, PASSWORD) VALUES (20, 'Aristotle', 'Philosophy');
INSERT INTO USERS (USER_ID, LOGIN, PASSWORD) VALUES (21, 'NeilsBohr', 'AtomStructure');
INSERT INTO USERS (USER_ID, LOGIN, PASSWORD) VALUES (22, 'AlexanderBell', 'Telephone');
INSERT INTO USERS (USER_ID, LOGIN, PASSWORD) VALUES (23, 'RosalindFranklin', 'Viruses');
INSERT INTO USERS (USER_ID, LOGIN, PASSWORD) VALUES (24, 'FrancisCrick', 'DNAMolecule');
INSERT INTO USERS (USER_ID, LOGIN, PASSWORD) VALUES (25, 'JamesWatson', 'DNAMolecule');
INSERT INTO USERS (USER_ID, LOGIN, PASSWORD) VALUES (26, 'Archimedes', 'Mathematic');
INSERT INTO USERS (USER_ID, LOGIN, PASSWORD) VALUES (27, 'JohannesKepler', 'PlanetaryMotion');
INSERT INTO USERS (USER_ID, LOGIN, PASSWORD) VALUES (28, 'RichardFeynman', 'QuantumDinamics');
INSERT INTO USERS (USER_ID, LOGIN, PASSWORD) VALUES (29, 'ErnestRutherford', 'NuclearPhisic');
INSERT INTO USERS (USER_ID, LOGIN, PASSWORD) VALUES (30, 'AlfredNobel', 'NobelPremium');
INSERT INTO USERS (USER_ID, LOGIN, PASSWORD) VALUES (31, 'GregorMendel', 'Genetic');
INSERT INTO USERS (USER_ID, LOGIN, PASSWORD) VALUES (32, 'AlexanderFleming', 'MicroBiology');
INSERT INTO USERS (USER_ID, LOGIN, PASSWORD) VALUES (33, 'CarlSagan', 'Astonaut');
INSERT INTO USERS (USER_ID, LOGIN, PASSWORD) VALUES (34, 'AdaLovelace', 'Analytical');
INSERT INTO USERS (USER_ID, LOGIN, PASSWORD) VALUES (35, 'EdwinHubble', 'Astonomer');
INSERT INTO USERS (USER_ID, LOGIN, PASSWORD) VALUES (36, 'CarlLinnaeus', 'Taxonometry');
INSERT INTO USERS (USER_ID, LOGIN, PASSWORD) VALUES (37, 'EnricoFermi', 'AtomicBomb');
INSERT INTO USERS (USER_ID, LOGIN, PASSWORD) VALUES (38, 'LuisAlvarez', 'Dinosaur');
INSERT INTO USERS (USER_ID, LOGIN, PASSWORD) VALUES (39, 'AndreMarieAmpere', 'Ampere');
INSERT INTO USERS (USER_ID, LOGIN, PASSWORD) VALUES (40, 'AmedeoAvogadro', 'Molecule');
INSERT INTO USERS (USER_ID, LOGIN, PASSWORD) VALUES (41, 'DanielBernouli', 'RiskTheory');
INSERT INTO USERS (USER_ID, LOGIN, PASSWORD) VALUES (42, 'RobertBoyle', 'GasLaw');
INSERT INTO USERS (USER_ID, LOGIN, PASSWORD) VALUES (43, 'JohnDalton', 'AtomicTheory');
INSERT INTO USERS (USER_ID, LOGIN, PASSWORD) VALUES (44, 'Democritus', 'MilkyWay');
INSERT INTO USERS (USER_ID, LOGIN, PASSWORD) VALUES (45, 'ReneDescartes', 'AnalGeometry');
INSERT INTO USERS (USER_ID, LOGIN, PASSWORD) VALUES (46, 'LeonhardEuler', 'MATH');
INSERT INTO USERS (USER_ID, LOGIN, PASSWORD) VALUES (47, 'Fibonacci', 'Calculation');
INSERT INTO USERS (USER_ID, LOGIN, PASSWORD) VALUES (48, 'BenjaminFranklin', 'PositiveAndNegative');
INSERT INTO USERS (USER_ID, LOGIN, PASSWORD) VALUES (49, 'HeinrichHertz', 'PhotoElectric');
INSERT INTO USERS (USER_ID, LOGIN, PASSWORD) VALUES (50, 'DavidHilbert', 'HilbertSpace');



INSERT INTO TOURS (TOUR_ID, PHOTO_PATH, START_DATE, END_DATE, DESCRIPTION, COST, TOUR_TYPE, HOTEL_ID, COUNTRY_ID) VALUES (1, 'src/main/resources/oracle.properties', TO_DATE('2020-01-01 00:00:00', 'YYYY-MM-DD HH24:MI:SS'), TO_DATE('2020-01-02 00:00:00', 'YYYY-MM-DD HH24:MI:SS'), 'good TOUR', 100.0000, 'BUSINESS', 1, 1);INSERT INTO TOURS (TOUR_ID, PHOTO_PATH, START_DATE, END_DATE, DESCRIPTION, COST, TOUR_TYPE, HOTEL_ID, COUNTRY_ID) VALUES (2, 'src/main/resources/postgresql.properties', TO_DATE('2020-01-02 00:00:00', 'YYYY-MM-DD HH24:MI:SS'), TO_DATE('2020-01-04 00:00:00', 'YYYY-MM-DD HH24:MI:SS'), 'best sale', 200.0000 'ECOTOURISM', 2, 2);INSERT INTO TOURS (TOUR_ID, PHOTO_PATH, START_DATE, END_DATE, DESCRIPTION, COST, TOUR_TYPE, HOTEL_ID, COUNTRY_ID) VALUES (3, 'src/main/resources/META-INF/persistence.xml', TO_DATE('2020-01-03 00:00:00', 'YYYY-MM-DD HH24:MI:SS'), TO_DATE('2020-01-06 00:00:00', 'YYYY-MM-DD HH24:MI:SS'), 'two for one deal', 300.0000 'LEISURE', 3, 3);INSERT INTO TOURS (TOUR_ID, PHOTO_PATH, START_DATE, END_DATE, DESCRIPTION, COST, TOUR_TYPE, HOTEL_ID, COUNTRY_ID) VALUES (4, 'src/main/resources/postgresql.properties', TO_DATE('2020-01-04 00:00:00', 'YYYY-MM-DD HH24:MI:SS'), TO_DATE('2020-01-08 00:00:00', 'YYYY-MM-DD HH24:MI:SS'), 'back to the future', 400.0000, 'PILGRIMAGE', 4, 4);
INSERT INTO TOURS (TOUR_ID, PHOTO_PATH, START_DATE, END_DATE, DESCRIPTION, COST, TOUR_TYPE, HOTEL_ID, COUNTRY_ID) VALUES (5, 'src/main/resources/postgresql.properties', TO_DATE('2020-01-05 00:00:00', 'YYYY-MM-DD HH24:MI:SS'), TO_DATE('2020-01-10 00:00:00', 'YYYY-MM-DD HH24:MI:SS'), 'time travel', 500.0000, 'RURAL_TOURISM', 5, 5);INSERT INTO TOURS (TOUR_ID, PHOTO_PATH, START_DATE, END_DATE, DESCRIPTION, COST, TOUR_TYPE, HOTEL_ID, COUNTRY_ID) VALUES (6, 'src/main/resources/postgresql.properties', TO_DATE('2020-01-06 00:00:00', 'YYYY-MM-DD HH24:MI:SS'), TO_DATE('2020-01-12 00:00:00', 'YYYY-MM-DD HH24:MI:SS'), 'school trip', 600.0000, 'SCIENTIFIC_EXPEDITION', 6, 6);
INSERT INTO TOURS (TOUR_ID, PHOTO_PATH, START_DATE, END_DATE, DESCRIPTION, COST, TOUR_TYPE, HOTEL_ID, COUNTRY_ID) VALUES (7, 'src/main/resources/postgresql.properties', TO_DATE('2020-01-07 00:00:00', 'YYYY-MM-DD HH24:MI:SS'), TO_DATE('2020-01-14 00:00:00', 'YYYY-MM-DD HH24:MI:SS'), 'safe and fast', 700.0000, 'SPORT_COMPETITION', 7, 7);INSERT INTO TOURS (TOUR_ID, PHOTO_PATH, START_DATE, END_DATE, DESCRIPTION, COST, TOUR_TYPE, HOTEL_ID, COUNTRY_ID) VALUES (8, 'src/main/resources/postgresql.properties', TO_DATE('2020-01-08 00:00:00', 'YYYY-MM-DD HH24:MI:SS'), TO_DATE('2020-01-16 00:00:00', 'YYYY-MM-DD HH24:MI:SS'), 'discovery', 800.0000, 'TOURISM', 8, 8);
INSERT INTO TOURS (TOUR_ID, PHOTO_PATH, START_DATE, END_DATE, DESCRIPTION, COST, TOUR_TYPE, HOTEL_ID, COUNTRY_ID) VALUES (9, 'src/main/resources/postgresql.properties', TO_DATE('2020-01-09 00:00:00', 'YYYY-MM-DD HH24:MI:SS'), TO_DATE('2020-01-18 00:00:00', 'YYYY-MM-DD HH24:MI:SS'), 'just relax', 900.0000, 'TRAINING', 9, 9);INSERT INTO TOURS (TOUR_ID, PHOTO_PATH, START_DATE, END_DATE, DESCRIPTION, COST, TOUR_TYPE, HOTEL_ID, COUNTRY_ID) VALUES (10, 'src/main/resources/postgresql.properties', TO_DATE('2020-01-10 00:00:00', 'YYYY-MM-DD HH24:MI:SS'), TO_DATE('2020-01-20 00:00:00', 'YYYY-MM-DD HH24:MI:SS'), 'boat trip', 1000.0000, 'TREATMENT', 10, 10);
INSERT INTO TOURS (TOUR_ID, PHOTO_PATH, START_DATE, END_DATE, DESCRIPTION, COST, TOUR_TYPE, HOTEL_ID, COUNTRY_ID) VALUES (11, 'src/main/resources/postgresql.properties', TO_DATE('2020-01-11 00:00:00', 'YYYY-MM-DD HH24:MI:SS'), TO_DATE('2020-01-22 00:00:00', 'YYYY-MM-DD HH24:MI:SS'), 'space trip', 1100.0000, 'BUSINESS', 11, 11);INSERT INTO TOURS (TOUR_ID, PHOTO_PATH, START_DATE, END_DATE, DESCRIPTION, COST, TOUR_TYPE, HOTEL_ID, COUNTRY_ID) VALUES (12, 'src/main/resources/postgresql.properties', TO_DATE('2020-01-12 00:00:00', 'YYYY-MM-DD HH24:MI:SS'), TO_DATE('2020-01-24 00:00:00', 'YYYY-MM-DD HH24:MI:SS'), 'seaside', 1200.0000, 'ECOTOURISM', 12, 12);
INSERT INTO TOURS (TOUR_ID, PHOTO_PATH, START_DATE, END_DATE, DESCRIPTION, COST, TOUR_TYPE, HOTEL_ID, COUNTRY_ID) VALUES (13, 'src/main/resources/postgresql.properties', TO_DATE('2020-01-13 00:00:00', 'YYYY-MM-DD HH24:MI:SS'), TO_DATE('2020-01-26 00:00:00', 'YYYY-MM-DD HH24:MI:SS'), 'mountain expedition', 1300.0000, 'LEISURE', 13, 13);INSERT INTO TOURS (TOUR_ID, PHOTO_PATH, START_DATE, END_DATE, DESCRIPTION, COST, TOUR_TYPE, HOTEL_ID, COUNTRY_ID) VALUES (14, 'src/main/resources/postgresql.properties', TO_DATE('2020-01-14 00:00:00', 'YYYY-MM-DD HH24:MI:SS'), TO_DATE('2020-01-28 00:00:00', 'YYYY-MM-DD HH24:MI:SS'), 'holy shit', 1400.0000, 'PILGRIMAGE', 14, 14);
INSERT INTO TOURS (TOUR_ID, PHOTO_PATH, START_DATE, END_DATE, DESCRIPTION, COST, TOUR_TYPE, HOTEL_ID, COUNTRY_ID) VALUES (15, 'src/main/resources/postgresql.properties', TO_DATE('2020-01-15 00:00:00', 'YYYY-MM-DD HH24:MI:SS'), TO_DATE('2020-01-30 00:00:00', 'YYYY-MM-DD HH24:MI:SS'), 'business trip', 1500.0000, 'RURAL_TOURISM', 15, 15);INSERT INTO TOURS (TOUR_ID, PHOTO_PATH, START_DATE, END_DATE, DESCRIPTION, COST, TOUR_TYPE, HOTEL_ID, COUNTRY_ID) VALUES (16, 'src/main/resources/postgresql.properties', TO_DATE('2020-01-16 00:00:00', 'YYYY-MM-DD HH24:MI:SS'), TO_DATE('2020-02-01 00:00:00', 'YYYY-MM-DD HH24:MI:SS'), 'comfortable movenment', 1600.0000, 'SCIENTIFIC_EXPEDITION', 16, 16);INSERT INTO TOURS (TOUR_ID, PHOTO_PATH, START_DATE, END_DATE, DESCRIPTION, COST, TOUR_TYPE, HOTEL_ID, COUNTRY_ID) VALUES (17, 'src/main/resources/postgresql.properties', TO_DATE('2020-01-17 00:00:00', 'YYYY-MM-DD HH24:MI:SS'), TO_DATE('2020-02-03 00:00:00', 'YYYY-MM-DD HH24:MI:SS'), 'village views', 1700.0000, 'SPORT_COMPETITION', 17, 17);INSERT INTO TOURS (TOUR_ID, PHOTO_PATH, START_DATE, END_DATE, DESCRIPTION, COST, TOUR_TYPE, HOTEL_ID, COUNTRY_ID) VALUES (18, 'src/main/resources/postgresql.properties', TO_DATE('2020-01-18 00:00:00', 'YYYY-MM-DD HH24:MI:SS'), TO_DATE('2020-02-05 00:00:00', 'YYYY-MM-DD HH24:MI:SS'), 'just tourism', 1800.0000, 'TOURISM', 18, 18);INSERT INTO TOURS (TOUR_ID, PHOTO_PATH, START_DATE, END_DATE, DESCRIPTION, COST, TOUR_TYPE, HOTEL_ID, COUNTRY_ID) VALUES (19, 'src/main/resources/postgresql.properties', TO_DATE('2020-01-19 00:00:00', 'YYYY-MM-DD HH24:MI:SS'), TO_DATE('2020-02-07 00:00:00', 'YYYY-MM-DD HH24:MI:SS'), 'just leisure', 1900.0000, 'TRAINING', 19, 19);
INSERT INTO TOURS (TOUR_ID, PHOTO_PATH, START_DATE, END_DATE, DESCRIPTION, COST, TOUR_TYPE, HOTEL_ID, COUNTRY_ID) VALUES (20, 'src/main/resources/postgresql.properties', TO_DATE('2020-01-20 00:00:00', 'YYYY-MM-DD HH24:MI:SS'), TO_DATE('2020-02-09 00:00:00', 'YYYY-MM-DD HH24:MI:SS'), 'rehabilitation', 2000.0000, 'TREATMENT', 20, 20);INSERT INTO TOURS (TOUR_ID, PHOTO_PATH, START_DATE, END_DATE, DESCRIPTION, COST, TOUR_TYPE, HOTEL_ID, COUNTRY_ID) VALUES (21, 'src/main/resources/postgresql.properties', TO_DATE('2020-01-21 00:00:00', 'YYYY-MM-DD HH24:MI:SS'), TO_DATE('2020-02-11 00:00:00', 'YYYY-MM-DD HH24:MI:SS'), 'just relax', 2100.0000, 'BUSINESS', 21, 21);INSERT INTO TOURS (TOUR_ID, PHOTO_PATH, START_DATE, END_DATE, DESCRIPTION, COST, TOUR_TYPE, HOTEL_ID, COUNTRY_ID) VALUES (22, 'src/main/resources/postgresql.properties', TO_DATE('2020-01-22 00:00:00', 'YYYY-MM-DD HH24:MI:SS'), TO_DATE('2020-02-13 00:00:00', 'YYYY-MM-DD HH24:MI:SS'), 'boat trip', 2200.0000, 'ECOTOURISM', 22, 22);INSERT INTO TOURS (TOUR_ID, PHOTO_PATH, START_DATE, END_DATE, DESCRIPTION, COST, TOUR_TYPE, HOTEL_ID, COUNTRY_ID) VALUES (23, 'src/main/resources/log4j2.xml', TO_DATE('2020-01-23 00:00:00', 'YYYY-MM-DD HH24:MI:SS'), TO_DATE('2020-02-15 00:00:00', 'YYYY-MM-DD HH24:MI:SS'), 'space trip', 2300.0000, 'LEISURE', 23, 23);INSERT INTO TOURS (TOUR_ID, PHOTO_PATH, START_DATE, END_DATE, DESCRIPTION, COST, TOUR_TYPE, HOTEL_ID, COUNTRY_ID) VALUES (24, 'src/main/resources/postgresql.properties', TO_DATE('2020-01-24 00:00:00', 'YYYY-MM-DD HH24:MI:SS'), TO_DATE('2020-02-17 00:00:00', 'YYYY-MM-DD HH24:MI:SS'), 'seaside', 2400.0000, 'PILGRIMAGE', 24, 24);INSERT INTO TOURS (TOUR_ID, PHOTO_PATH, START_DATE, END_DATE, DESCRIPTION, COST, TOUR_TYPE, HOTEL_ID, COUNTRY_ID) VALUES (25, 'src/main/resources/postgresql.properties', TO_DATE('2020-01-25 00:00:00', 'YYYY-MM-DD HH24:MI:SS'), TO_DATE('2020-02-19 00:00:00', 'YYYY-MM-DD HH24:MI:SS'), 'mountain expedition', 2500.0000, 'RURAL_TOURISM', 25, 25);INSERT INTO TOURS (TOUR_ID, PHOTO_PATH, START_DATE, END_DATE, DESCRIPTION, COST, TOUR_TYPE, HOTEL_ID, COUNTRY_ID) VALUES (26, 'src/main/resources/postgresql.properties', TO_DATE('2020-01-26 00:00:00', 'YYYY-MM-DD HH24:MI:SS'), TO_DATE('2020-02-21 00:00:00', 'YYYY-MM-DD HH24:MI:SS'), 'holy places', 2600.0000, 'SCIENTIFIC_EXPEDITION', 26, 26);INSERT INTO TOURS (TOUR_ID, PHOTO_PATH, START_DATE, END_DATE, DESCRIPTION, COST, TOUR_TYPE, HOTEL_ID, COUNTRY_ID) VALUES (27, 'src/main/resources/postgresql.properties', TO_DATE('2020-01-27 00:00:00', 'YYYY-MM-DD HH24:MI:SS'), TO_DATE('2020-02-23 00:00:00', 'YYYY-MM-DD HH24:MI:SS'), 'attractive TOUR', 2700.0000, 'SPORT_COMPETITION', 27, 27);INSERT INTO TOURS (TOUR_ID, PHOTO_PATH, START_DATE, END_DATE, DESCRIPTION, COST, TOUR_TYPE, HOTEL_ID, COUNTRY_ID) VALUES (28, 'src/main/resources/postgresql.properties', TO_DATE('2020-01-28 00:00:00', 'YYYY-MM-DD HH24:MI:SS'), TO_DATE('2020-02-25 00:00:00', 'YYYY-MM-DD HH24:MI:SS'), 'road trip', 2800.0000, 'TOURISM', 28, 28);INSERT INTO TOURS (TOUR_ID, PHOTO_PATH, START_DATE, END_DATE, DESCRIPTION, COST, TOUR_TYPE, HOTEL_ID, COUNTRY_ID) VALUES (29, 'src/main/resources/postgresql.properties', TO_DATE('2020-01-29 00:00:00', 'YYYY-MM-DD HH24:MI:SS'), TO_DATE('2020-02-27 00:00:00', 'YYYY-MM-DD HH24:MI:SS'), 'just trip', 2900.0000, 'TRAINING', 29, 29);
INSERT INTO TOURS (TOUR_ID, PHOTO_PATH, START_DATE, END_DATE, DESCRIPTION, COST, TOUR_TYPE, HOTEL_ID, COUNTRY_ID) VALUES (30, 'src/main/resources/postgresql.properties', TO_DATE('2020-01-30 00:00:00', 'YYYY-MM-DD HH24:MI:SS'), TO_DATE('2020-02-29 00:00:00', 'YYYY-MM-DD HH24:MI:SS'), 'bad trip', 3000.0000, 'TREATMENT', 30, 30);
INSERT INTO TOURS (TOUR_ID, PHOTO_PATH, START_DATE, END_DATE, DESCRIPTION, COST, TOUR_TYPE, HOTEL_ID, COUNTRY_ID) VALUES (31, 'src/main/resources/postgresql.properties', TO_DATE('2020-01-31 00:00:00', 'YYYY-MM-DD HH24:MI:SS'), TO_DATE('2020-03-02 00:00:00', 'YYYY-MM-DD HH24:MI:SS'), 'sad trip', 3100.0000, 'BUSINESS', 31, 31);
INSERT INTO TOURS (TOUR_ID, PHOTO_PATH, START_DATE, END_DATE, DESCRIPTION, COST, TOUR_TYPE, HOTEL_ID, COUNTRY_ID) VALUES (32, 'src/main/resources/postgresql.properties', TO_DATE('2020-02-01 00:00:00', 'YYYY-MM-DD HH24:MI:SS'), TO_DATE('2020-03-04 00:00:00', 'YYYY-MM-DD HH24:MI:SS'), 'mad trip', 3200.0000, 'ECOTOURISM', 32, 32);
INSERT INTO TOURS (TOUR_ID, PHOTO_PATH, START_DATE, END_DATE, DESCRIPTION, COST, TOUR_TYPE, HOTEL_ID, COUNTRY_ID) VALUES (33, 'src/main/resources/postgresql.properties', TO_DATE('2020-02-02 00:00:00', 'YYYY-MM-DD HH24:MI:SS'), TO_DATE('2020-03-06 00:00:00', 'YYYY-MM-DD HH24:MI:SS'), 'gap trip', 3300.0000, 'LEISURE', 33, 33);
INSERT INTO TOURS (TOUR_ID, PHOTO_PATH, START_DATE, END_DATE, DESCRIPTION, COST, TOUR_TYPE, HOTEL_ID, COUNTRY_ID) VALUES (34, 'src/main/resources/postgresql.properties', TO_DATE('2020-02-03 00:00:00', 'YYYY-MM-DD HH24:MI:SS'), TO_DATE('2020-03-08 00:00:00', 'YYYY-MM-DD HH24:MI:SS'), 'crap trip', 3400.0000, 'PILGRIMAGE', 34, 34);
INSERT INTO TOURS (TOUR_ID, PHOTO_PATH, START_DATE, END_DATE, DESCRIPTION, COST, TOUR_TYPE, HOTEL_ID, COUNTRY_ID) VALUES (35, 'src/main/resources/postgresql.properties', TO_DATE('2020-02-04 00:00:00', 'YYYY-MM-DD HH24:MI:SS'), TO_DATE('2020-03-10 00:00:00', 'YYYY-MM-DD HH24:MI:SS'), 'cap trip', 3500.0000, 'RURAL_TOURISM', 35, 35);
INSERT INTO TOURS (TOUR_ID, PHOTO_PATH, START_DATE, END_DATE, DESCRIPTION, COST, TOUR_TYPE, HOTEL_ID, COUNTRY_ID) VALUES (36, 'src/main/resources/postgresql.properties', TO_DATE('2020-02-05 00:00:00', 'YYYY-MM-DD HH24:MI:SS'), TO_DATE('2020-03-12 00:00:00', 'YYYY-MM-DD HH24:MI:SS'), 'had trip', 3600.0000, 'SCIENTIFIC_EXPEDITION', 36, 36);
INSERT INTO TOURS (TOUR_ID, PHOTO_PATH, START_DATE, END_DATE, DESCRIPTION, COST, TOUR_TYPE, HOTEL_ID, COUNTRY_ID) VALUES (37, 'src/main/resources/postgresql.properties', TO_DATE('2020-02-06 00:00:00', 'YYYY-MM-DD HH24:MI:SS'), TO_DATE('2020-03-14 00:00:00', 'YYYY-MM-DD HH24:MI:SS'), 'fat trip', 3700.0000, 'SPORT_COMPETITION', 37, 37);
INSERT INTO TOURS (TOUR_ID, PHOTO_PATH, START_DATE, END_DATE, DESCRIPTION, COST, TOUR_TYPE, HOTEL_ID, COUNTRY_ID) VALUES (38, 'src/main/resources/postgresql.properties', TO_DATE('2020-02-07 00:00:00', 'YYYY-MM-DD HH24:MI:SS'), TO_DATE('2020-03-16 00:00:00', 'YYYY-MM-DD HH24:MI:SS'), 'rat trip', 3800.0000, 'TOURISM', 38, 38);
INSERT INTO TOURS (TOUR_ID, PHOTO_PATH, START_DATE, END_DATE, DESCRIPTION, COST, TOUR_TYPE, HOTEL_ID, COUNTRY_ID) VALUES (39, 'src/main/resources/postgresql.properties', TO_DATE('2020-02-08 00:00:00', 'YYYY-MM-DD HH24:MI:SS'), TO_DATE('2020-03-18 00:00:00', 'YYYY-MM-DD HH24:MI:SS'), 'red trip', 3900.0000, 'TRAINING', 39, 39);
INSERT INTO TOURS (TOUR_ID, PHOTO_PATH, START_DATE, END_DATE, DESCRIPTION, COST, TOUR_TYPE, HOTEL_ID, COUNTRY_ID) VALUES (40, 'src/main/resources/postgresql.properties', TO_DATE('2020-02-09 00:00:00', 'YYYY-MM-DD HH24:MI:SS'), TO_DATE('2020-03-20 00:00:00', 'YYYY-MM-DD HH24:MI:SS'), 'road trip', 4000.0000, 'TREATMENT', 40, 40);
INSERT INTO TOURS (TOUR_ID, PHOTO_PATH, START_DATE, END_DATE, DESCRIPTION, COST, TOUR_TYPE, HOTEL_ID, COUNTRY_ID) VALUES (41, 'src/main/resources/postgresql.properties', TO_DATE('2020-02-10 00:00:00', 'YYYY-MM-DD HH24:MI:SS'), TO_DATE('2020-03-22 00:00:00', 'YYYY-MM-DD HH24:MI:SS'), 'lead trip', 4100.0000, 'BUSINESS', 1, 1);
INSERT INTO TOURS (TOUR_ID, PHOTO_PATH, START_DATE, END_DATE, DESCRIPTION, COST, TOUR_TYPE, HOTEL_ID, COUNTRY_ID) VALUES (42, 'src/main/resources/postgresql.properties', TO_DATE('2020-02-11 00:00:00', 'YYYY-MM-DD HH24:MI:SS'), TO_DATE('2020-03-24 00:00:00', 'YYYY-MM-DD HH24:MI:SS'), 'mid trip', 4200.0000, 'ECOTOURISM', 4, 4);
INSERT INTO TOURS (TOUR_ID, PHOTO_PATH, START_DATE, END_DATE, DESCRIPTION, COST, TOUR_TYPE, HOTEL_ID, COUNTRY_ID) VALUES (43, 'src/main/resources/postgresql.properties', TO_DATE('2020-02-12 00:00:00', 'YYYY-MM-DD HH24:MI:SS'), TO_DATE('2020-03-26 00:00:00', 'YYYY-MM-DD HH24:MI:SS'), 'med trip', 4300.0000, 'LEISURE', 8, 8);
INSERT INTO TOURS (TOUR_ID, PHOTO_PATH, START_DATE, END_DATE, DESCRIPTION, COST, TOUR_TYPE, HOTEL_ID, COUNTRY_ID) VALUES (44, 'src/main/resources/postgresql.properties', TO_DATE('2020-02-13 00:00:00', 'YYYY-MM-DD HH24:MI:SS'), TO_DATE('2020-03-28 00:00:00', 'YYYY-MM-DD HH24:MI:SS'), 'mood trip', 4400.0000, 'PILGRIMAGE', 12, 12);
INSERT INTO TOURS (TOUR_ID, PHOTO_PATH, START_DATE, END_DATE, DESCRIPTION, COST, TOUR_TYPE, HOTEL_ID, COUNTRY_ID) VALUES (45, 'src/main/resources/postgresql.properties', TO_DATE('2020-02-14 00:00:00', 'YYYY-MM-DD HH24:MI:SS'), TO_DATE('2020-03-30 00:00:00', 'YYYY-MM-DD HH24:MI:SS'), 'man trip', 4500.0000, 'RURAL_TOURISM', 16, 16);
INSERT INTO TOURS (TOUR_ID, PHOTO_PATH, START_DATE, END_DATE, DESCRIPTION, COST, TOUR_TYPE, HOTEL_ID, COUNTRY_ID) VALUES (46, 'src/main/resources/postgresql.properties', TO_DATE('2020-02-15 00:00:00', 'YYYY-MM-DD HH24:MI:SS'), TO_DATE('2020-04-01 00:00:00', 'YYYY-MM-DD HH24:MI:SS'), 'male trip', 4600.0000, 'SCIENTIFIC_EXPEDITION', 20, 20);
INSERT INTO TOURS (TOUR_ID, PHOTO_PATH, START_DATE, END_DATE, DESCRIPTION, COST, TOUR_TYPE, HOTEL_ID, COUNTRY_ID) VALUES (47, 'src/main/resources/postgresql.properties', TO_DATE('2020-02-16 00:00:00', 'YYYY-MM-DD HH24:MI:SS'), TO_DATE('2020-04-03 00:00:00', 'YYYY-MM-DD HH24:MI:SS'), 'small trip', 4700.0000, 'SPORT_COMPETITION', 24, 24);
INSERT INTO TOURS (TOUR_ID, PHOTO_PATH, START_DATE, END_DATE, DESCRIPTION, COST, TOUR_TYPE, HOTEL_ID, COUNTRY_ID) VALUES (48, 'src/main/resources/postgresql.properties', TO_DATE('2020-02-17 00:00:00', 'YYYY-MM-DD HH24:MI:SS'), TO_DATE('2020-04-05 00:00:00', 'YYYY-MM-DD HH24:MI:SS'), 'fall trip', 4800.0000, 'TOURISM', 28, 28);
INSERT INTO TOURS (TOUR_ID, PHOTO_PATH, START_DATE, END_DATE, DESCRIPTION, COST, TOUR_TYPE, HOTEL_ID, COUNTRY_ID) VALUES (49, 'src/main/resources/postgresql.properties', TO_DATE('2020-02-18 00:00:00', 'YYYY-MM-DD HH24:MI:SS'), TO_DATE('2020-04-07 00:00:00', 'YYYY-MM-DD HH24:MI:SS'), 'doll trip', 4900.0000, 'TRAINING', 32, 32);
INSERT INTO TOURS (TOUR_ID, PHOTO_PATH, START_DATE, END_DATE, DESCRIPTION, COST, TOUR_TYPE, HOTEL_ID, COUNTRY_ID) VALUES (50, 'src/main/resources/postgresql.properties', TO_DATE('2020-02-19 00:00:00', 'YYYY-MM-DD HH24:MI:SS'), TO_DATE('2020-04-09 00:00:00', 'YYYY-MM-DD HH24:MI:SS'), 'goal trip', 5000.0000, 'TREATMENT', 36, 36);



INSERT INTO USERS_TOURS (USER_ID, TOUR_ID) VALUES (1, 1);
INSERT INTO USERS_TOURS (USER_ID, TOUR_ID) VALUES (1, 2);
INSERT INTO USERS_TOURS (USER_ID, TOUR_ID) VALUES (1, 3);

INSERT INTO USERS_TOURS (USER_ID, TOUR_ID) VALUES (2, 2);
INSERT INTO USERS_TOURS (USER_ID, TOUR_ID) VALUES (2, 3);
INSERT INTO USERS_TOURS (USER_ID, TOUR_ID) VALUES (2, 4);

INSERT INTO USERS_TOURS (USER_ID, TOUR_ID) VALUES (3, 3);
INSERT INTO USERS_TOURS (USER_ID, TOUR_ID) VALUES (3, 4);
INSERT INTO USERS_TOURS (USER_ID, TOUR_ID) VALUES (3, 5);

INSERT INTO USERS_TOURS (USER_ID, TOUR_ID) VALUES (4, 4);
INSERT INTO USERS_TOURS (USER_ID, TOUR_ID) VALUES (4, 5);
INSERT INTO USERS_TOURS (USER_ID, TOUR_ID) VALUES (4, 6);

INSERT INTO USERS_TOURS (USER_ID, TOUR_ID) VALUES (5, 5);
INSERT INTO USERS_TOURS (USER_ID, TOUR_ID) VALUES (5, 6);
INSERT INTO USERS_TOURS (USER_ID, TOUR_ID) VALUES (5, 7);

INSERT INTO USERS_TOURS (USER_ID, TOUR_ID) VALUES (6, 6);
INSERT INTO USERS_TOURS (USER_ID, TOUR_ID) VALUES (6, 7);
INSERT INTO USERS_TOURS (USER_ID, TOUR_ID) VALUES (6, 8);

INSERT INTO USERS_TOURS (USER_ID, TOUR_ID) VALUES (7, 7);
INSERT INTO USERS_TOURS (USER_ID, TOUR_ID) VALUES (7, 8);
INSERT INTO USERS_TOURS (USER_ID, TOUR_ID) VALUES (7, 9);

INSERT INTO USERS_TOURS (USER_ID, TOUR_ID) VALUES (8, 8);
INSERT INTO USERS_TOURS (USER_ID, TOUR_ID) VALUES (8, 9);
INSERT INTO USERS_TOURS (USER_ID, TOUR_ID) VALUES (8, 10);

INSERT INTO USERS_TOURS (USER_ID, TOUR_ID) VALUES (9, 9);
INSERT INTO USERS_TOURS (USER_ID, TOUR_ID) VALUES (9, 10);
INSERT INTO USERS_TOURS (USER_ID, TOUR_ID) VALUES (9, 11);

INSERT INTO USERS_TOURS (USER_ID, TOUR_ID) VALUES (10, 10);
INSERT INTO USERS_TOURS (USER_ID, TOUR_ID) VALUES (10, 11);
INSERT INTO USERS_TOURS (USER_ID, TOUR_ID) VALUES (10, 12);

INSERT INTO USERS_TOURS (USER_ID, TOUR_ID) VALUES (11, 11);
INSERT INTO USERS_TOURS (USER_ID, TOUR_ID) VALUES (11, 12);
INSERT INTO USERS_TOURS (USER_ID, TOUR_ID) VALUES (11, 13);

INSERT INTO USERS_TOURS (USER_ID, TOUR_ID) VALUES (12, 12);
INSERT INTO USERS_TOURS (USER_ID, TOUR_ID) VALUES (12, 13);
INSERT INTO USERS_TOURS (USER_ID, TOUR_ID) VALUES (12, 14);

INSERT INTO USERS_TOURS (USER_ID, TOUR_ID) VALUES (13, 13);
INSERT INTO USERS_TOURS (USER_ID, TOUR_ID) VALUES (13, 14);
INSERT INTO USERS_TOURS (USER_ID, TOUR_ID) VALUES (13, 15);

INSERT INTO USERS_TOURS (USER_ID, TOUR_ID) VALUES (14, 14);
INSERT INTO USERS_TOURS (USER_ID, TOUR_ID) VALUES (14, 15);
INSERT INTO USERS_TOURS (USER_ID, TOUR_ID) VALUES (14, 16);

INSERT INTO USERS_TOURS (USER_ID, TOUR_ID) VALUES (15, 15);
INSERT INTO USERS_TOURS (USER_ID, TOUR_ID) VALUES (15, 16);
INSERT INTO USERS_TOURS (USER_ID, TOUR_ID) VALUES (15, 17);

INSERT INTO USERS_TOURS (USER_ID, TOUR_ID) VALUES (16, 16);
INSERT INTO USERS_TOURS (USER_ID, TOUR_ID) VALUES (16, 17);
INSERT INTO USERS_TOURS (USER_ID, TOUR_ID) VALUES (16, 18);

INSERT INTO USERS_TOURS (USER_ID, TOUR_ID) VALUES (17, 17);
INSERT INTO USERS_TOURS (USER_ID, TOUR_ID) VALUES (17, 18);
INSERT INTO USERS_TOURS (USER_ID, TOUR_ID) VALUES (17, 19);

INSERT INTO USERS_TOURS (USER_ID, TOUR_ID) VALUES (18, 18);
INSERT INTO USERS_TOURS (USER_ID, TOUR_ID) VALUES (18, 19);
INSERT INTO USERS_TOURS (USER_ID, TOUR_ID) VALUES (18, 20);

INSERT INTO USERS_TOURS (USER_ID, TOUR_ID) VALUES (19, 19);
INSERT INTO USERS_TOURS (USER_ID, TOUR_ID) VALUES (19, 20);
INSERT INTO USERS_TOURS (USER_ID, TOUR_ID) VALUES (19, 21);

INSERT INTO USERS_TOURS (USER_ID, TOUR_ID) VALUES (20, 20);
INSERT INTO USERS_TOURS (USER_ID, TOUR_ID) VALUES (20, 21);
INSERT INTO USERS_TOURS (USER_ID, TOUR_ID) VALUES (20, 22);

INSERT INTO USERS_TOURS (USER_ID, TOUR_ID) VALUES (21, 21);
INSERT INTO USERS_TOURS (USER_ID, TOUR_ID) VALUES (21, 22);
INSERT INTO USERS_TOURS (USER_ID, TOUR_ID) VALUES (21, 23);

INSERT INTO USERS_TOURS (USER_ID, TOUR_ID) VALUES (22, 22);
INSERT INTO USERS_TOURS (USER_ID, TOUR_ID) VALUES (22, 23);
INSERT INTO USERS_TOURS (USER_ID, TOUR_ID) VALUES (22, 24);

INSERT INTO USERS_TOURS (USER_ID, TOUR_ID) VALUES (23, 23);
INSERT INTO USERS_TOURS (USER_ID, TOUR_ID) VALUES (23, 25);
INSERT INTO USERS_TOURS (USER_ID, TOUR_ID) VALUES (23, 26);

INSERT INTO USERS_TOURS (USER_ID, TOUR_ID) VALUES (24, 24);
INSERT INTO USERS_TOURS (USER_ID, TOUR_ID) VALUES (24, 25);
INSERT INTO USERS_TOURS (USER_ID, TOUR_ID) VALUES (24, 26);

INSERT INTO USERS_TOURS (USER_ID, TOUR_ID) VALUES (25, 25);
INSERT INTO USERS_TOURS (USER_ID, TOUR_ID) VALUES (25, 26);
INSERT INTO USERS_TOURS (USER_ID, TOUR_ID) VALUES (25, 27);

INSERT INTO USERS_TOURS (USER_ID, TOUR_ID) VALUES (26, 26);
INSERT INTO USERS_TOURS (USER_ID, TOUR_ID) VALUES (26, 27);
INSERT INTO USERS_TOURS (USER_ID, TOUR_ID) VALUES (26, 28);

INSERT INTO USERS_TOURS (USER_ID, TOUR_ID) VALUES (27, 27);
INSERT INTO USERS_TOURS (USER_ID, TOUR_ID) VALUES (27, 28);
INSERT INTO USERS_TOURS (USER_ID, TOUR_ID) VALUES (27, 29);

INSERT INTO USERS_TOURS (USER_ID, TOUR_ID) VALUES (28, 28);
INSERT INTO USERS_TOURS (USER_ID, TOUR_ID) VALUES (28, 29);
INSERT INTO USERS_TOURS (USER_ID, TOUR_ID) VALUES (28, 30);

INSERT INTO USERS_TOURS (USER_ID, TOUR_ID) VALUES (29, 29);
INSERT INTO USERS_TOURS (USER_ID, TOUR_ID) VALUES (29, 30);
INSERT INTO USERS_TOURS (USER_ID, TOUR_ID) VALUES (29, 31);

INSERT INTO USERS_TOURS (USER_ID, TOUR_ID) VALUES (30, 30);
INSERT INTO USERS_TOURS (USER_ID, TOUR_ID) VALUES (30, 31);
INSERT INTO USERS_TOURS (USER_ID, TOUR_ID) VALUES (30, 32);

INSERT INTO USERS_TOURS (USER_ID, TOUR_ID) VALUES (31, 31);
INSERT INTO USERS_TOURS (USER_ID, TOUR_ID) VALUES (31, 32);
INSERT INTO USERS_TOURS (USER_ID, TOUR_ID) VALUES (31, 33);

INSERT INTO USERS_TOURS (USER_ID, TOUR_ID) VALUES (32, 32);
INSERT INTO USERS_TOURS (USER_ID, TOUR_ID) VALUES (32, 33);
INSERT INTO USERS_TOURS (USER_ID, TOUR_ID) VALUES (32, 34);

INSERT INTO USERS_TOURS (USER_ID, TOUR_ID) VALUES (33, 33);
INSERT INTO USERS_TOURS (USER_ID, TOUR_ID) VALUES (33, 34);
INSERT INTO USERS_TOURS (USER_ID, TOUR_ID) VALUES (33, 35);

INSERT INTO USERS_TOURS (USER_ID, TOUR_ID) VALUES (34, 34);
INSERT INTO USERS_TOURS (USER_ID, TOUR_ID) VALUES (34, 35);
INSERT INTO USERS_TOURS (USER_ID, TOUR_ID) VALUES (34, 36);

INSERT INTO USERS_TOURS (USER_ID, TOUR_ID) VALUES (35, 35);
INSERT INTO USERS_TOURS (USER_ID, TOUR_ID) VALUES (35, 36);
INSERT INTO USERS_TOURS (USER_ID, TOUR_ID) VALUES (35, 37);

INSERT INTO USERS_TOURS (USER_ID, TOUR_ID) VALUES (36, 36);
INSERT INTO USERS_TOURS (USER_ID, TOUR_ID) VALUES (36, 37);
INSERT INTO USERS_TOURS (USER_ID, TOUR_ID) VALUES (36, 38);

INSERT INTO USERS_TOURS (USER_ID, TOUR_ID) VALUES (37, 37);
INSERT INTO USERS_TOURS (USER_ID, TOUR_ID) VALUES (37, 38);
INSERT INTO USERS_TOURS (USER_ID, TOUR_ID) VALUES (37, 39);

INSERT INTO USERS_TOURS (USER_ID, TOUR_ID) VALUES (38, 38);
INSERT INTO USERS_TOURS (USER_ID, TOUR_ID) VALUES (38, 39);
INSERT INTO USERS_TOURS (USER_ID, TOUR_ID) VALUES (38, 40);

INSERT INTO USERS_TOURS (USER_ID, TOUR_ID) VALUES (39, 39);
INSERT INTO USERS_TOURS (USER_ID, TOUR_ID) VALUES (39, 40);
INSERT INTO USERS_TOURS (USER_ID, TOUR_ID) VALUES (39, 41);

INSERT INTO USERS_TOURS (USER_ID, TOUR_ID) VALUES (40, 40);
INSERT INTO USERS_TOURS (USER_ID, TOUR_ID) VALUES (40, 41);
INSERT INTO USERS_TOURS (USER_ID, TOUR_ID) VALUES (40, 42);

INSERT INTO USERS_TOURS (USER_ID, TOUR_ID) VALUES (41, 41);
INSERT INTO USERS_TOURS (USER_ID, TOUR_ID) VALUES (41, 42);
INSERT INTO USERS_TOURS (USER_ID, TOUR_ID) VALUES (41, 43);

INSERT INTO USERS_TOURS (USER_ID, TOUR_ID) VALUES (42, 42);
INSERT INTO USERS_TOURS (USER_ID, TOUR_ID) VALUES (42, 43);
INSERT INTO USERS_TOURS (USER_ID, TOUR_ID) VALUES (42, 44);

INSERT INTO USERS_TOURS (USER_ID, TOUR_ID) VALUES (43, 43);
INSERT INTO USERS_TOURS (USER_ID, TOUR_ID) VALUES (43, 44);
INSERT INTO USERS_TOURS (USER_ID, TOUR_ID) VALUES (43, 45);

INSERT INTO USERS_TOURS (USER_ID, TOUR_ID) VALUES (44, 44);
INSERT INTO USERS_TOURS (USER_ID, TOUR_ID) VALUES (44, 45);
INSERT INTO USERS_TOURS (USER_ID, TOUR_ID) VALUES (44, 46);

INSERT INTO USERS_TOURS (USER_ID, TOUR_ID) VALUES (45, 45);
INSERT INTO USERS_TOURS (USER_ID, TOUR_ID) VALUES (45, 46);
INSERT INTO USERS_TOURS (USER_ID, TOUR_ID) VALUES (45, 47);

INSERT INTO USERS_TOURS (USER_ID, TOUR_ID) VALUES (46, 46);
INSERT INTO USERS_TOURS (USER_ID, TOUR_ID) VALUES (46, 47);
INSERT INTO USERS_TOURS (USER_ID, TOUR_ID) VALUES (46, 48);

INSERT INTO USERS_TOURS (USER_ID, TOUR_ID) VALUES (47, 47);
INSERT INTO USERS_TOURS (USER_ID, TOUR_ID) VALUES (47, 48);
INSERT INTO USERS_TOURS (USER_ID, TOUR_ID) VALUES (47, 49);

INSERT INTO USERS_TOURS (USER_ID, TOUR_ID) VALUES (48, 48);
INSERT INTO USERS_TOURS (USER_ID, TOUR_ID) VALUES (48, 49);
INSERT INTO USERS_TOURS (USER_ID, TOUR_ID) VALUES (48, 50);

INSERT INTO USERS_TOURS (USER_ID, TOUR_ID) VALUES (49, 49);
INSERT INTO USERS_TOURS (USER_ID, TOUR_ID) VALUES (49, 50);
INSERT INTO USERS_TOURS (USER_ID, TOUR_ID) VALUES (49, 1);

INSERT INTO USERS_TOURS (USER_ID, TOUR_ID) VALUES (50, 50);
INSERT INTO USERS_TOURS (USER_ID, TOUR_ID) VALUES (50, 1);
INSERT INTO USERS_TOURS (USER_ID, TOUR_ID) VALUES (50, 2);
INSERT INTO REVIEWS (REVIEW_ID, REVIEW_DATE, REVIEW_TEXT, USER_ID, TOUR_ID) VALUES (1, TO_DATE('2020-01-03 00:00:00', 'YYYY-MM-DD HH24:MI:SS'), 'sounds good', 1, 1);
INSERT INTO REVIEWS (REVIEW_ID, REVIEW_DATE, REVIEW_TEXT, USER_ID, TOUR_ID) VALUES (2, TO_DATE('2020-01-04 00:00:00', 'YYYY-MM-DD HH24:MI:SS'), 'sounds great', 1, 2);
INSERT INTO REVIEWS (REVIEW_ID, REVIEW_DATE, REVIEW_TEXT, USER_ID, TOUR_ID) VALUES (3, TO_DATE('2020-01-05 00:00:00', 'YYYY-MM-DD HH24:MI:SS'), 'I have no hear', 1, 3);
INSERT INTO REVIEWS (REVIEW_ID, REVIEW_DATE, REVIEW_TEXT, USER_ID, TOUR_ID) VALUES (4, TO_DATE('2020-01-05 00:00:00', 'YYYY-MM-DD HH24:MI:SS'), 'interesting', 2, 2);
INSERT INTO REVIEWS (REVIEW_ID, REVIEW_DATE, REVIEW_TEXT, USER_ID, TOUR_ID) VALUES (5, TO_DATE('2020-01-06 00:00:00', 'YYYY-MM-DD HH24:MI:SS'), 'not interesting', 2, 3);
INSERT INTO REVIEWS (REVIEW_ID, REVIEW_DATE, REVIEW_TEXT, USER_ID, TOUR_ID) VALUES (6, TO_DATE('2020-01-07 00:00:00', 'YYYY-MM-DD HH24:MI:SS'), 'not not interesting', 2, 4);
INSERT INTO REVIEWS (REVIEW_ID, REVIEW_DATE, REVIEW_TEXT, USER_ID, TOUR_ID) VALUES (7, TO_DATE('2020-01-07 00:00:00', 'YYYY-MM-DD HH24:MI:SS'), 'I hope I will die', 3, 3);
INSERT INTO REVIEWS (REVIEW_ID, REVIEW_DATE, REVIEW_TEXT, USER_ID, TOUR_ID) VALUES (3, TO_DATE('2020-01-08 00:00:00', 'YYYY-MM-DD HH24:MI:SS'), 'I hope i wille live', 3, 4);
INSERT INTO REVIEWS (REVIEW_ID, REVIEW_DATE, REVIEW_TEXT, USER_ID, TOUR_ID) VALUES (9, TO_DATE('2020-01-09 00:00:00', 'YYYY-MM-DD HH24:MI:SS'), 'I am agnostic', 3, 5);
INSERT INTO REVIEWS (REVIEW_ID, REVIEW_DATE, REVIEW_TEXT, USER_ID, TOUR_ID) VALUES (10, TO_DATE('2020-01-09 00:00:00', 'YYYY-MM-DD HH24:MI:SS'), 'must have', 4, 4);
INSERT INTO REVIEWS (REVIEW_ID, REVIEW_DATE, REVIEW_TEXT, USER_ID, TOUR_ID) VALUES (11, TO_DATE('2020-01-10 00:00:00', 'YYYY-MM-DD HH24:MI:SS'), 'must avoid', 4, 5);
INSERT INTO REVIEWS (REVIEW_ID, REVIEW_DATE, REVIEW_TEXT, USER_ID, TOUR_ID) VALUES (12, TO_DATE('2020-01-11 00:00:00', 'YYYY-MM-DD HH24:MI:SS'), 'I must not', 4, 6);
INSERT INTO REVIEWS (REVIEW_ID, REVIEW_DATE, REVIEW_TEXT, USER_ID, TOUR_ID) VALUES (13, TO_DATE('2020-01-11 00:00:00', 'YYYY-MM-DD HH24:MI:SS'), 'It was relatively well', 5, 5);
INSERT INTO REVIEWS (REVIEW_ID, REVIEW_DATE, REVIEW_TEXT, USER_ID, TOUR_ID) VALUES (14, TO_DATE('2020-01-12 00:00:00', 'YYYY-MM-DD HH24:MI:SS'), 'Electricity is cool', 5, 6);
INSERT INTO REVIEWS (REVIEW_ID, REVIEW_DATE, REVIEW_TEXT, USER_ID, TOUR_ID) VALUES (15, TO_DATE('2020-01-13 00:00:00', 'YYYY-MM-DD HH24:MI:SS'), 'I hate science', 5, 7);

INSERT INTO REVIEWS (REVIEW_ID, REVIEW_DATE, REVIEW_TEXT, USER_ID, TOUR_ID) VALUES (16, TO_DATE('2020-01-13 00:00:00', 'YYYY-MM-DD HH24:MI:SS'), 'death better', 6, 6);
INSERT INTO REVIEWS (REVIEW_ID, REVIEW_DATE, REVIEW_TEXT, USER_ID, TOUR_ID) VALUES (17, TO_DATE('2020-01-14 00:00:00', 'YYYY-MM-DD HH24:MI:SS'), 'live better', 6, 7);
INSERT INTO REVIEWS (REVIEW_ID, REVIEW_DATE, REVIEW_TEXT, USER_ID, TOUR_ID) VALUES (18, TO_DATE('2020-01-15 00:00:00', 'YYYY-MM-DD HH24:MI:SS'), 'hadder better faster stronger', 6, 8);

INSERT INTO REVIEWS (REVIEW_ID, REVIEW_DATE, REVIEW_TEXT, USER_ID, TOUR_ID) VALUES (19, TO_DATE('2020-01-15 00:00:00', 'YYYY-MM-DD HH24:MI:SS'), 'CONSTANTly having problems', 7, 7);INSERT INTO REVIEWS (REVIEW_ID, REVIEW_DATE, REVIEW_TEXT, USER_ID, TOUR_ID) VALUES (20, TO_DATE('2020-01-16 00:00:00', 'YYYY-MM-DD HH24:MI:SS'), 'CONSTANTly having advantages', 7, 8);
INSERT INTO REVIEWS (REVIEW_ID, REVIEW_DATE, REVIEW_TEXT, USER_ID, TOUR_ID) VALUES (21, TO_DATE('2020-01-17 00:00:00', 'YYYY-MM-DD HH24:MI:SS'), 'I invited constant', 7, 9);

INSERT INTO REVIEWS (REVIEW_ID, REVIEW_DATE, REVIEW_TEXT, USER_ID, TOUR_ID) VALUES (22, TO_DATE('2020-01-17 00:00:00', 'YYYY-MM-DD HH24:MI:SS'), 'there was no radiation at all', 8, 8);
INSERT INTO REVIEWS (REVIEW_ID, REVIEW_DATE, REVIEW_TEXT, USER_ID, TOUR_ID) VALUES (23, TO_DATE('2020-01-18 00:00:00', 'YYYY-MM-DD HH24:MI:SS'), 'there was radiation a lot', 8, 9);
INSERT INTO REVIEWS (REVIEW_ID, REVIEW_DATE, REVIEW_TEXT, USER_ID, TOUR_ID) VALUES (24, TO_DATE('2020-01-19 00:00:00', 'YYYY-MM-DD HH24:MI:SS'), 'Pripyat so piecful', 8, 10);

INSERT INTO REVIEWS (REVIEW_ID, REVIEW_DATE, REVIEW_TEXT, USER_ID, TOUR_ID) VALUES (25, TO_DATE('2020-01-19 00:00:00', 'YYYY-MM-DD HH24:MI:SS'), 'not enough energy', 9, 9);
INSERT INTO REVIEWS (REVIEW_ID, REVIEW_DATE, REVIEW_TEXT, USER_ID, TOUR_ID) VALUES (26, TO_DATE('2020-01-20 00:00:00', 'YYYY-MM-DD HH24:MI:SS'), 'energy enough', 9, 10);
INSERT INTO REVIEWS (REVIEW_ID, REVIEW_DATE, REVIEW_TEXT, USER_ID, TOUR_ID) VALUES (27, TO_DATE('2020-01-21 00:00:00', 'YYYY-MM-DD HH24:MI:SS'), 'MAX POWER', 9, 11);

INSERT INTO REVIEWS (REVIEW_ID, REVIEW_DATE, REVIEW_TEXT, USER_ID, TOUR_ID) VALUES (28, TO_DATE('2020-01-21 00:00:00', 'YYYY-MM-DD HH24:MI:SS'), 'attractive', 10, 10);
INSERT INTO REVIEWS (REVIEW_ID, REVIEW_DATE, REVIEW_TEXT, USER_ID, TOUR_ID) VALUES (29, TO_DATE('2020-01-22 00:00:00', 'YYYY-MM-DD HH24:MI:SS'), 'attraction', 10, 11);
INSERT INTO REVIEWS (REVIEW_ID, REVIEW_DATE, REVIEW_TEXT, USER_ID, TOUR_ID) VALUES (30, TO_DATE('2020-01-23 00:00:00', 'YYYY-MM-DD HH24:MI:SS'), 'protection', 10, 12);

INSERT INTO REVIEWS (REVIEW_ID, REVIEW_DATE, REVIEW_TEXT, USER_ID, TOUR_ID) VALUES (31, TO_DATE('2020-01-23 00:00:00', 'YYYY-MM-DD HH24:MI:SS'), 'shine bright like a diamond', 11, 11);
INSERT INTO REVIEWS (REVIEW_ID, REVIEW_DATE, REVIEW_TEXT, USER_ID, TOUR_ID) VALUES (32, TO_DATE('2020-01-24 00:00:00', 'YYYY-MM-DD HH24:MI:SS'), 'shine bright like a diamond', 11, 12);
INSERT INTO REVIEWS (REVIEW_ID, REVIEW_DATE, REVIEW_TEXT, USER_ID, TOUR_ID) VALUES (33, TO_DATE('2020-01-25 00:00:00', 'YYYY-MM-DD HH24:MI:SS'), 'shine bright like a diamond', 11, 13);

INSERT INTO REVIEWS (REVIEW_ID, REVIEW_DATE, REVIEW_TEXT, USER_ID, TOUR_ID) VALUES (34, TO_DATE('2020-01-25 00:00:00', 'YYYY-MM-DD HH24:MI:SS'), 'awesome', 12, 12);
INSERT INTO REVIEWS (REVIEW_ID, REVIEW_DATE, REVIEW_TEXT, USER_ID, TOUR_ID) VALUES (35, TO_DATE('2020-01-26 00:00:00', 'YYYY-MM-DD HH24:MI:SS'), 'aweful', 12, 13);
INSERT INTO REVIEWS (REVIEW_ID, REVIEW_DATE, REVIEW_TEXT, USER_ID, TOUR_ID) VALUES (36, TO_DATE('2020-01-27 00:00:00', 'YYYY-MM-DD HH24:MI:SS'), 'awa awa', 12, 14);

INSERT INTO REVIEWS (REVIEW_ID, REVIEW_DATE, REVIEW_TEXT, USER_ID, TOUR_ID) VALUES (37, TO_DATE('2020-01-27 00:00:00', 'YYYY-MM-DD HH24:MI:SS'), 'capitalism everywhere', 13, 13);
INSERT INTO REVIEWS (REVIEW_ID, REVIEW_DATE, REVIEW_TEXT, USER_ID, TOUR_ID) VALUES (38, TO_DATE('2020-01-28 00:00:00', 'YYYY-MM-DD HH24:MI:SS'), 'socialism everywhere', 13, 14);
INSERT INTO REVIEWS (REVIEW_ID, REVIEW_DATE, REVIEW_TEXT, USER_ID, TOUR_ID) VALUES (39, TO_DATE('2020-01-29 00:00:00', 'YYYY-MM-DD HH24:MI:SS'), 'OMG', 13, 15);

INSERT INTO REVIEWS (REVIEW_ID, REVIEW_DATE, REVIEW_TEXT, USER_ID, TOUR_ID) VALUES (40, TO_DATE('2020-01-29 00:00:00', 'YYYY-MM-DD HH24:MI:SS'), 'it force me', 14, 14);
INSERT INTO REVIEWS (REVIEW_ID, REVIEW_DATE, REVIEW_TEXT, USER_ID, TOUR_ID) VALUES (41, TO_DATE('2020-01-30 00:00:00', 'YYYY-MM-DD HH24:MI:SS'), 'me force it', 14, 15);
INSERT INTO REVIEWS (REVIEW_ID, REVIEW_DATE, REVIEW_TEXT, USER_ID, TOUR_ID) VALUES (42, TO_DATE('2020-01-31 00:00:00', 'YYYY-MM-DD HH24:MI:SS'), 'force me', 14, 16);

INSERT INTO REVIEWS (REVIEW_ID, REVIEW_DATE, REVIEW_TEXT, USER_ID, TOUR_ID) VALUES (43, TO_DATE('2020-01-31 00:00:00', 'YYYY-MM-DD HH24:MI:SS'), 'I am electrifie', 15, 15);
INSERT INTO REVIEWS (REVIEW_ID, REVIEW_DATE, REVIEW_TEXT, USER_ID, TOUR_ID) VALUES (44, TO_DATE('2020-01-32 00:00:00', 'YYYY-MM-DD HH24:MI:SS'), 'I am protonifie', 15, 16);
INSERT INTO REVIEWS (REVIEW_ID, REVIEW_DATE, REVIEW_TEXT, USER_ID, TOUR_ID) VALUES (45, TO_DATE('2020-01-33 00:00:00', 'YYYY-MM-DD HH24:MI:SS'), 'Jimie Newtron', 15, 17);

INSERT INTO REVIEWS (REVIEW_ID, REVIEW_DATE, REVIEW_TEXT, USER_ID, TOUR_ID) VALUES (46, TO_DATE('2020-02-02 00:00:00', 'YYYY-MM-DD HH24:MI:SS'), 'Random comment', 16, 16);
INSERT INTO REVIEWS (REVIEW_ID, REVIEW_DATE, REVIEW_TEXT, USER_ID, TOUR_ID) VALUES (47, TO_DATE('2020-02-03 00:00:00', 'YYYY-MM-DD HH24:MI:SS'), 'Random moment', 16, 17);
INSERT INTO REVIEWS (REVIEW_ID, REVIEW_DATE, REVIEW_TEXT, USER_ID, TOUR_ID) VALUES (48, TO_DATE('2020-02-04 00:00:00', 'YYYY-MM-DD HH24:MI:SS'), 'Fandom some end', 16, 18);

INSERT INTO REVIEWS (REVIEW_ID, REVIEW_DATE, REVIEW_TEXT, USER_ID, TOUR_ID) VALUES (49, TO_DATE('2020-02-04 00:00:00', 'YYYY-MM-DD HH24:MI:SS'), 'Who from 2020?', 17, 17);
INSERT INTO REVIEWS (REVIEW_ID, REVIEW_DATE, REVIEW_TEXT, USER_ID, TOUR_ID) VALUES (50, TO_DATE('2020-02-05 00:00:00', 'YYYY-MM-DD HH24:MI:SS'), 'Who from 2021?', 17, 18);
INSERT INTO REVIEWS (REVIEW_ID, REVIEW_DATE, REVIEW_TEXT, USER_ID, TOUR_ID) VALUES (51, TO_DATE('2020-02-06 00:00:00', 'YYYY-MM-DD HH24:MI:SS'), 'Who from 2022?', 17, 19);

INSERT INTO REVIEWS (REVIEW_ID, REVIEW_DATE, REVIEW_TEXT, USER_ID, TOUR_ID) VALUES (52, TO_DATE('2020-02-06 00:00:00', 'YYYY-MM-DD HH24:MI:SS'), 'It was great', 18, 18);
INSERT INTO REVIEWS (REVIEW_ID, REVIEW_DATE, REVIEW_TEXT, USER_ID, TOUR_ID) VALUES (53, TO_DATE('2020-02-07 00:00:00', 'YYYY-MM-DD HH24:MI:SS'), 'It was bread', 18, 19);
INSERT INTO REVIEWS (REVIEW_ID, REVIEW_DATE, REVIEW_TEXT, USER_ID, TOUR_ID) VALUES (54, TO_DATE('2020-02-08 00:00:00', 'YYYY-MM-DD HH24:MI:SS'), 'HOLY SHIT', 18, 20);

INSERT INTO REVIEWS (REVIEW_ID, REVIEW_DATE, REVIEW_TEXT, USER_ID, TOUR_ID) VALUES (55, TO_DATE('2020-02-08 00:00:00', 'YYYY-MM-DD HH24:MI:SS'), 'I am tired', 19, 19);
INSERT INTO REVIEWS (REVIEW_ID, REVIEW_DATE, REVIEW_TEXT, USER_ID, TOUR_ID) VALUES (56, TO_DATE('2020-02-09 00:00:00', 'YYYY-MM-DD HH24:MI:SS'), 'I am tired', 19, 20);
INSERT INTO REVIEWS (REVIEW_ID, REVIEW_DATE, REVIEW_TEXT, USER_ID, TOUR_ID) VALUES (57, TO_DATE('2020-02-10 00:00:00', 'YYYY-MM-DD HH24:MI:SS'), 'I am tired', 19, 21);

INSERT INTO REVIEWS (REVIEW_ID, REVIEW_DATE, REVIEW_TEXT, USER_ID, TOUR_ID) VALUES (58, TO_DATE('2020-02-10 00:00:00', 'YYYY-MM-DD HH24:MI:SS'), 'I am crazy', 20, 20);
INSERT INTO REVIEWS (REVIEW_ID, REVIEW_DATE, REVIEW_TEXT, USER_ID, TOUR_ID) VALUES (59, TO_DATE('2020-02-11 00:00:00', 'YYYY-MM-DD HH24:MI:SS'), 'I am amazing', 20, 21);
INSERT INTO REVIEWS (REVIEW_ID, REVIEW_DATE, REVIEW_TEXT, USER_ID, TOUR_ID) VALUES (60, TO_DATE('2020-02-12 00:00:00', 'YYYY-MM-DD HH24:MI:SS'), 'I am Daizy', 20, 22);

INSERT INTO REVIEWS (REVIEW_ID, REVIEW_DATE, REVIEW_TEXT, USER_ID, TOUR_ID) VALUES (61, TO_DATE('2020-02-12 00:00:00', 'YYYY-MM-DD HH24:MI:SS'), 'Hello World!', 21, 21);
INSERT INTO REVIEWS (REVIEW_ID, REVIEW_DATE, REVIEW_TEXT, USER_ID, TOUR_ID) VALUES (62, TO_DATE('2020-02-13 00:00:00', 'YYYY-MM-DD HH24:MI:SS'), 'Bye, World!', 21, 22);
INSERT INTO REVIEWS (REVIEW_ID, REVIEW_DATE, REVIEW_TEXT, USER_ID, TOUR_ID) VALUES (63, TO_DATE('2020-02-14 00:00:00', 'YYYY-MM-DD HH24:MI:SS'), 'I am lost', 21, 23);

INSERT INTO REVIEWS (REVIEW_ID, REVIEW_DATE, REVIEW_TEXT, USER_ID, TOUR_ID) VALUES (64, TO_DATE('2020-02-14 00:00:00', 'YYYY-MM-DD HH24:MI:SS'), 'Masons search for us', 22, 22);
INSERT INTO REVIEWS (REVIEW_ID, REVIEW_DATE, REVIEW_TEXT, USER_ID, TOUR_ID) VALUES (65, TO_DATE('2020-02-15 00:00:00', 'YYYY-MM-DD HH24:MI:SS'), 'Reptiloids search for us', 22, 23);
INSERT INTO REVIEWS (REVIEW_ID, REVIEW_DATE, REVIEW_TEXT, USER_ID, TOUR_ID) VALUES (66, TO_DATE('2020-02-16 00:00:00', 'YYYY-MM-DD HH24:MI:SS'), 'I search for us', 22, 24);

INSERT INTO REVIEWS (REVIEW_ID, REVIEW_DATE, REVIEW_TEXT, USER_ID, TOUR_ID) VALUES (67, TO_DATE('2020-02-16 00:00:00', 'YYYY-MM-DD HH24:MI:SS'), 'Like', 23, 23);
INSERT INTO REVIEWS (REVIEW_ID, REVIEW_DATE, REVIEW_TEXT, USER_ID, TOUR_ID) VALUES (68, TO_DATE('2020-02-17 00:00:00', 'YYYY-MM-DD HH24:MI:SS'), 'Dislike', 23, 24);
INSERT INTO REVIEWS (REVIEW_ID, REVIEW_DATE, REVIEW_TEXT, USER_ID, TOUR_ID) VALUES (69, TO_DATE('2020-02-18 00:00:00', 'YYYY-MM-DD HH24:MI:SS'), 'Subscribe', 23, 25);

INSERT INTO REVIEWS (REVIEW_ID, REVIEW_DATE, REVIEW_TEXT, USER_ID, TOUR_ID) VALUES (70, TO_DATE('2020-02-18 00:00:00', 'YYYY-MM-DD HH24:MI:SS'), 'Greate desicision', 24, 24);
INSERT INTO REVIEWS (REVIEW_ID, REVIEW_DATE, REVIEW_TEXT, USER_ID, TOUR_ID) VALUES (71, TO_DATE('2020-02-19 00:00:00', 'YYYY-MM-DD HH24:MI:SS'), 'Joy Division', 24, 25);
INSERT INTO REVIEWS (REVIEW_ID, REVIEW_DATE, REVIEW_TEXT, USER_ID, TOUR_ID) VALUES (72, TO_DATE('2020-02-20 00:00:00', 'YYYY-MM-DD HH24:MI:SS'), 'My Coalision', 24, 26);

INSERT INTO REVIEWS (REVIEW_ID, REVIEW_DATE, REVIEW_TEXT, USER_ID, TOUR_ID) VALUES (73, TO_DATE('2020-02-20 00:00:00', 'YYYY-MM-DD HH24:MI:SS'), 'Awful', 25, 25);
INSERT INTO REVIEWS (REVIEW_ID, REVIEW_DATE, REVIEW_TEXT, USER_ID, TOUR_ID) VALUES (74, TO_DATE('2020-02-21 00:00:00', 'YYYY-MM-DD HH24:MI:SS'), 'Scoobedoo', 25, 26);
INSERT INTO REVIEWS (REVIEW_ID, REVIEW_DATE, REVIEW_TEXT, USER_ID, TOUR_ID) VALUES (75, TO_DATE('2020-02-22 00:00:00', 'YYYY-MM-DD HH24:MI:SS'), 'All about the bas', 25, 27);

INSERT INTO REVIEWS (REVIEW_ID, REVIEW_DATE, REVIEW_TEXT, USER_ID, TOUR_ID) VALUES (76, TO_DATE('2020-02-22 00:00:00', 'YYYY-MM-DD HH24:MI:SS'), 'Unreal', 26, 26);
INSERT INTO REVIEWS (REVIEW_ID, REVIEW_DATE, REVIEW_TEXT, USER_ID, TOUR_ID) VALUES (77, TO_DATE('2020-02-23 00:00:00', 'YYYY-MM-DD HH24:MI:SS'), 'Real?', 26, 27);
INSERT INTO REVIEWS (REVIEW_ID, REVIEW_DATE, REVIEW_TEXT, USER_ID, TOUR_ID) VALUES (78, TO_DATE('2020-02-24 00:00:00', 'YYYY-MM-DD HH24:MI:SS'), 'Fear...', 26, 28);

INSERT INTO REVIEWS (REVIEW_ID, REVIEW_DATE, REVIEW_TEXT, USER_ID, TOUR_ID) VALUES (79, TO_DATE('2020-02-24 00:00:00', 'YYYY-MM-DD HH24:MI:SS'), 'I am hope i will return', 27, 27);
INSERT INTO REVIEWS (REVIEW_ID, REVIEW_DATE, REVIEW_TEXT, USER_ID, TOUR_ID) VALUES (80, TO_DATE('2020-02-25 00:00:00', 'YYYY-MM-DD HH24:MI:SS'), 'I am hope i will not return', 27, 28);
INSERT INTO REVIEWS (REVIEW_ID, REVIEW_DATE, REVIEW_TEXT, USER_ID, TOUR_ID) VALUES (81, TO_DATE('2020-02-26 00:00:00', 'YYYY-MM-DD HH24:MI:SS'), 'I am hourse', 27, 29);

INSERT INTO REVIEWS (REVIEW_ID, REVIEW_DATE, REVIEW_TEXT, USER_ID, TOUR_ID) VALUES (82, TO_DATE('2020-02-26 00:00:00', 'YYYY-MM-DD HH24:MI:SS'), 'Very strange', 28, 28);
INSERT INTO REVIEWS (REVIEW_ID, REVIEW_DATE, REVIEW_TEXT, USER_ID, TOUR_ID) VALUES (83, TO_DATE('2020-02-27 00:00:00', 'YYYY-MM-DD HH24:MI:SS'), 'Very change', 28, 29);
INSERT INTO REVIEWS (REVIEW_ID, REVIEW_DATE, REVIEW_TEXT, USER_ID, TOUR_ID) VALUES (84, TO_DATE('2020-02-28 00:00:00', 'YYYY-MM-DD HH24:MI:SS'), 'Very Mary', 28, 30);

INSERT INTO REVIEWS (REVIEW_ID, REVIEW_DATE, REVIEW_TEXT, USER_ID, TOUR_ID) VALUES (85, TO_DATE('2020-02-28 00:00:00', 'YYYY-MM-DD HH24:MI:SS'), 'So cool', 29, 29);
INSERT INTO REVIEWS (REVIEW_ID, REVIEW_DATE, REVIEW_TEXT, USER_ID, TOUR_ID) VALUES (86, TO_DATE('2020-02-29 00:00:00', 'YYYY-MM-DD HH24:MI:SS'), 'So pool', 29, 30);
INSERT INTO REVIEWS (REVIEW_ID, REVIEW_DATE, REVIEW_TEXT, USER_ID, TOUR_ID) VALUES (87, TO_DATE('2020-02-30 00:00:00', 'YYYY-MM-DD HH24:MI:SS'), 'So lool', 29, 31);

INSERT INTO REVIEWS (REVIEW_ID, REVIEW_DATE, REVIEW_TEXT, USER_ID, TOUR_ID) VALUES (88, TO_DATE('2020-03-01 00:00:00', 'YYYY-MM-DD HH24:MI:SS'), 'ABC', 30, 30);
INSERT INTO REVIEWS (REVIEW_ID, REVIEW_DATE, REVIEW_TEXT, USER_ID, TOUR_ID) VALUES (89, TO_DATE('2020-03-02 00:00:00', 'YYYY-MM-DD HH24:MI:SS'), 'DEF', 30, 31);
INSERT INTO REVIEWS (REVIEW_ID, REVIEW_DATE, REVIEW_TEXT, USER_ID, TOUR_ID) VALUES (90, TO_DATE('2020-03-03 00:00:00', 'YYYY-MM-DD HH24:MI:SS'), 'GHI', 30, 32);
INSERT INTO REVIEWS (REVIEW_ID, REVIEW_DATE, REVIEW_TEXT, USER_ID, TOUR_ID) VALUES (91, TO_DATE('2020-03-03 00:00:00', 'YYYY-MM-DD HH24:MI:SS'), 'I do not know what to say', 31, 1);
INSERT INTO REVIEWS (REVIEW_ID, REVIEW_DATE, REVIEW_TEXT, USER_ID, TOUR_ID) VALUES (92, TO_DATE('2020-03-04 00:00:00', 'YYYY-MM-DD HH24:MI:SS'), 'I know what to say', 31, 1);
INSERT INTO REVIEWS (REVIEW_ID, REVIEW_DATE, REVIEW_TEXT, USER_ID, TOUR_ID) VALUES (93, TO_DATE('2020-03-05 00:00:00', 'YYYY-MM-DD HH24:MI:SS'), 'I say something', 31, 1);
INSERT INTO REVIEWS (REVIEW_ID, REVIEW_DATE, REVIEW_TEXT, USER_ID, TOUR_ID) VALUES (94, TO_DATE('2020-03-05 00:00:00', 'YYYY-MM-DD HH24:MI:SS'), 'It was strange', 32, 2);
INSERT INTO REVIEWS (REVIEW_ID, REVIEW_DATE, REVIEW_TEXT, USER_ID, TOUR_ID) VALUES (95, TO_DATE('2020-03-06 00:00:00', 'YYYY-MM-DD HH24:MI:SS'), 'It was range', 32, 2);
INSERT INTO REVIEWS (REVIEW_ID, REVIEW_DATE, REVIEW_TEXT, USER_ID, TOUR_ID) VALUES (96, TO_DATE('2020-03-07 00:00:00', 'YYYY-MM-DD HH24:MI:SS'), 'It was sandwich', 32, 2);
INSERT INTO REVIEWS (REVIEW_ID, REVIEW_DATE, REVIEW_TEXT, USER_ID, TOUR_ID) VALUES (97, TO_DATE('2020-03-07 00:00:00', 'YYYY-MM-DD HH24:MI:SS'), 'Simple trip', 33, 33);
INSERT INTO REVIEWS (REVIEW_ID, REVIEW_DATE, REVIEW_TEXT, USER_ID, TOUR_ID) VALUES (98, TO_DATE('2020-03-08 00:00:00', 'YYYY-MM-DD HH24:MI:SS'), 'Simple tip', 33, 34);
INSERT INTO REVIEWS (REVIEW_ID, REVIEW_DATE, REVIEW_TEXT, USER_ID, TOUR_ID) VALUES (99, TO_DATE('2020-03-09 00:00:00', 'YYYY-MM-DD HH24:MI:SS'), 'Simple keep', 33, 35);
INSERT INTO REVIEWS (REVIEW_ID, REVIEW_DATE, REVIEW_TEXT, USER_ID, TOUR_ID) VALUES (100, TO_DATE('2020-03-09 00:00:00', 'YYYY-MM-DD HH24:MI:SS'), 'Awesome!!!', 34, 34);
INSERT INTO REVIEWS (REVIEW_ID, REVIEW_DATE, REVIEW_TEXT, USER_ID, TOUR_ID) VALUES (101, TO_DATE('2020-03-10 00:00:00', 'YYYY-MM-DD HH24:MI:SS'), 'Aweful!!!', 34, 35);
INSERT INTO REVIEWS (REVIEW_ID, REVIEW_DATE, REVIEW_TEXT, USER_ID, TOUR_ID) VALUES (102, TO_DATE('2020-03-11 00:00:00', 'YYYY-MM-DD HH24:MI:SS'), '!!!', 34, 36);
INSERT INTO REVIEWS (REVIEW_ID, REVIEW_DATE, REVIEW_TEXT, USER_ID, TOUR_ID) VALUES (103, TO_DATE('2020-03-11 00:00:00', 'YYYY-MM-DD HH24:MI:SS'), 'I am first', 35, 35);
INSERT INTO REVIEWS (REVIEW_ID, REVIEW_DATE, REVIEW_TEXT, USER_ID, TOUR_ID) VALUES (104, TO_DATE('2020-03-12 00:00:00', 'YYYY-MM-DD HH24:MI:SS'), 'I am second', 35, 36);
INSERT INTO REVIEWS (REVIEW_ID, REVIEW_DATE, REVIEW_TEXT, USER_ID, TOUR_ID) VALUES (105, TO_DATE('2020-03-13 00:00:00', 'YYYY-MM-DD HH24:MI:SS'), 'I am third', 35, 37);

INSERT INTO REVIEWS (REVIEW_ID, REVIEW_DATE, REVIEW_TEXT, USER_ID, TOUR_ID) VALUES (106, TO_DATE('2020-03-13 00:00:00', 'YYYY-MM-DD HH24:MI:SS'), ' wewfw wefw', 36, 36);
INSERT INTO REVIEWS (REVIEW_ID, REVIEW_DATE, REVIEW_TEXT, USER_ID, TOUR_ID) VALUES (107, TO_DATE('2020-03-14 00:00:00', 'YYYY-MM-DD HH24:MI:SS'), ' wewfw wefw', 36, 37);
INSERT INTO REVIEWS (REVIEW_ID, REVIEW_DATE, REVIEW_TEXT, USER_ID, TOUR_ID) VALUES (108, TO_DATE('2020-03-15 00:00:00', 'YYYY-MM-DD HH24:MI:SS'), ' wewfw wefw', 36, 38);

INSERT INTO REVIEWS (REVIEW_ID, REVIEW_DATE, REVIEW_TEXT, USER_ID, TOUR_ID) VALUES (109, TO_DATE('2020-03-15 00:00:00', 'YYYY-MM-DD HH24:MI:SS'), 'Who is from 2033?', 37, 37);
INSERT INTO REVIEWS (REVIEW_ID, REVIEW_DATE, REVIEW_TEXT, USER_ID, TOUR_ID) VALUES (110, TO_DATE('2020-03-16 00:00:00', 'YYYY-MM-DD HH24:MI:SS'), 'Who is from 2042?', 37, 38);
INSERT INTO REVIEWS (REVIEW_ID, REVIEW_DATE, REVIEW_TEXT, USER_ID, TOUR_ID) VALUES (111, TO_DATE('2020-03-17 00:00:00', 'YYYY-MM-DD HH24:MI:SS'), 'Who is from 2069?', 37, 39);

INSERT INTO REVIEWS (REVIEW_ID, REVIEW_DATE, REVIEW_TEXT, USER_ID, TOUR_ID) VALUES (112, TO_DATE('2020-03-17 00:00:00', 'YYYY-MM-DD HH24:MI:SS'), 'Damn', 38, 38);
INSERT INTO REVIEWS (REVIEW_ID, REVIEW_DATE, REVIEW_TEXT, USER_ID, TOUR_ID) VALUES (113, TO_DATE('2020-03-18 00:00:00', 'YYYY-MM-DD HH24:MI:SS'), 'Mamn', 38, 39);
INSERT INTO REVIEWS (REVIEW_ID, REVIEW_DATE, REVIEW_TEXT, USER_ID, TOUR_ID) VALUES (114, TO_DATE('2020-03-19 00:00:00', 'YYYY-MM-DD HH24:MI:SS'), 'Calmn', 38, 40);

INSERT INTO REVIEWS (REVIEW_ID, REVIEW_DATE, REVIEW_TEXT, USER_ID, TOUR_ID) VALUES (115, TO_DATE('2020-03-19 00:00:00', 'YYYY-MM-DD HH24:MI:SS'), 'Holy shit', 39, 39);
INSERT INTO REVIEWS (REVIEW_ID, REVIEW_DATE, REVIEW_TEXT, USER_ID, TOUR_ID) VALUES (116, TO_DATE('2020-03-20 00:00:00', 'YYYY-MM-DD HH24:MI:SS'), 'Holy bit', 39, 40);
INSERT INTO REVIEWS (REVIEW_ID, REVIEW_DATE, REVIEW_TEXT, USER_ID, TOUR_ID) VALUES (117, TO_DATE('2020-03-21 00:00:00', 'YYYY-MM-DD HH24:MI:SS'), 'Holy meat', 39, 41);

INSERT INTO REVIEWS (REVIEW_ID, REVIEW_DATE, REVIEW_TEXT, USER_ID, TOUR_ID) VALUES (118, TO_DATE('2020-03-21 00:00:00', 'YYYY-MM-DD HH24:MI:SS'), 'I am tired', 40, 40);
INSERT INTO REVIEWS (REVIEW_ID, REVIEW_DATE, REVIEW_TEXT, USER_ID, TOUR_ID) VALUES (119, TO_DATE('2020-03-22 00:00:00', 'YYYY-MM-DD HH24:MI:SS'), 'I am fire', 40, 41);
INSERT INTO REVIEWS (REVIEW_ID, REVIEW_DATE, REVIEW_TEXT, USER_ID, TOUR_ID) VALUES (120, TO_DATE('2020-03-23 00:00:00', 'YYYY-MM-DD HH24:MI:SS'), 'I am lier', 40, 42);

INSERT INTO REVIEWS (REVIEW_ID, REVIEW_DATE, REVIEW_TEXT, USER_ID, TOUR_ID) VALUES (121, TO_DATE('2020-03-23 00:00:00', 'YYYY-MM-DD HH24:MI:SS'), 'I am relaxed', 41, 41);
INSERT INTO REVIEWS (REVIEW_ID, REVIEW_DATE, REVIEW_TEXT, USER_ID, TOUR_ID) VALUES (122, TO_DATE('2020-03-24 00:00:00', 'YYYY-MM-DD HH24:MI:SS'), 'I am creep', 41, 42);
INSERT INTO REVIEWS (REVIEW_ID, REVIEW_DATE, REVIEW_TEXT, USER_ID, TOUR_ID) VALUES (123, TO_DATE('2020-03-25 00:00:00', 'YYYY-MM-DD HH24:MI:SS'), 'I am deep', 41, 43);

INSERT INTO REVIEWS (REVIEW_ID, REVIEW_DATE, REVIEW_TEXT, USER_ID, TOUR_ID) VALUES (124, TO_DATE('2020-03-25 00:00:00', 'YYYY-MM-DD HH24:MI:SS'), 'WTF?!?!', 42, 42);
INSERT INTO REVIEWS (REVIEW_ID, REVIEW_DATE, REVIEW_TEXT, USER_ID, TOUR_ID) VALUES (125, TO_DATE('2020-03-26 00:00:00', 'YYYY-MM-DD HH24:MI:SS'), 'LOL?!?!', 42, 43);
INSERT INTO REVIEWS (REVIEW_ID, REVIEW_DATE, REVIEW_TEXT, USER_ID, TOUR_ID) VALUES (126, TO_DATE('2020-03-27 00:00:00', 'YYYY-MM-DD HH24:MI:SS'), 'ROFL?!?!', 42, 44);

INSERT INTO REVIEWS (REVIEW_ID, REVIEW_DATE, REVIEW_TEXT, USER_ID, TOUR_ID) VALUES (127, TO_DATE('2020-03-27 00:00:00', 'YYYY-MM-DD HH24:MI:SS'), ':)))))', 43, 43);
INSERT INTO REVIEWS (REVIEW_ID, REVIEW_DATE, REVIEW_TEXT, USER_ID, TOUR_ID) VALUES (128, TO_DATE('2020-03-28 00:00:00', 'YYYY-MM-DD HH24:MI:SS'), ':DDDD', 43, 44);
INSERT INTO REVIEWS (REVIEW_ID, REVIEW_DATE, REVIEW_TEXT, USER_ID, TOUR_ID) VALUES (129, TO_DATE('2020-03-29 00:00:00', 'YYYY-MM-DD HH24:MI:SS'), 'XDDDD', 43, 45);

INSERT INTO REVIEWS (REVIEW_ID, REVIEW_DATE, REVIEW_TEXT, USER_ID, TOUR_ID) VALUES (130, TO_DATE('2020-03-29 00:00:00', 'YYYY-MM-DD HH24:MI:SS'), 'IMHO, It was cool', 44, 44);
INSERT INTO REVIEWS (REVIEW_ID, REVIEW_DATE, REVIEW_TEXT, USER_ID, TOUR_ID) VALUES (131, TO_DATE('2020-03-30 00:00:00', 'YYYY-MM-DD HH24:MI:SS'), 'IMHO, It was rule', 44, 45);
INSERT INTO REVIEWS (REVIEW_ID, REVIEW_DATE, REVIEW_TEXT, USER_ID, TOUR_ID) VALUES (132, TO_DATE('2020-03-31 00:00:00', 'YYYY-MM-DD HH24:MI:SS'), 'IMHO, It was siul', 44, 46);

INSERT INTO REVIEWS (REVIEW_ID, REVIEW_DATE, REVIEW_TEXT, USER_ID, TOUR_ID) VALUES (133, TO_DATE('2020-03-31 00:00:00', 'YYYY-MM-DD HH24:MI:SS'), 'Who knows', 45, 45);
INSERT INTO REVIEWS (REVIEW_ID, REVIEW_DATE, REVIEW_TEXT, USER_ID, TOUR_ID) VALUES (134, TO_DATE('2020-03-32 00:00:00', 'YYYY-MM-DD HH24:MI:SS'), 'Who hows', 45, 46);
INSERT INTO REVIEWS (REVIEW_ID, REVIEW_DATE, REVIEW_TEXT, USER_ID, TOUR_ID) VALUES (135, TO_DATE('2020-03-33 00:00:00', 'YYYY-MM-DD HH24:MI:SS'), 'Who cows', 45, 47);

INSERT INTO REVIEWS (REVIEW_ID, REVIEW_DATE, REVIEW_TEXT, USER_ID, TOUR_ID) VALUES (136, TO_DATE('2020-04-02 00:00:00', 'YYYY-MM-DD HH24:MI:SS'), 'May be', 46, 46);
INSERT INTO REVIEWS (REVIEW_ID, REVIEW_DATE, REVIEW_TEXT, USER_ID, TOUR_ID) VALUES (137, TO_DATE('2020-04-03 00:00:00', 'YYYY-MM-DD HH24:MI:SS'), 'May ce', 46, 47);
INSERT INTO REVIEWS (REVIEW_ID, REVIEW_DATE, REVIEW_TEXT, USER_ID, TOUR_ID) VALUES (138, TO_DATE('2020-04-04 00:00:00', 'YYYY-MM-DD HH24:MI:SS'), 'May de', 46, 48);

INSERT INTO REVIEWS (REVIEW_ID, REVIEW_DATE, REVIEW_TEXT, USER_ID, TOUR_ID) VALUES (139, TO_DATE('2020-04-04 00:00:00', 'YYYY-MM-DD HH24:MI:SS'), 'SHUT UP AND TAKE MY MONEY', 47, 47);
INSERT INTO REVIEWS (REVIEW_ID, REVIEW_DATE, REVIEW_TEXT, USER_ID, TOUR_ID) VALUES (140, TO_DATE('2020-04-05 00:00:00', 'YYYY-MM-DD HH24:MI:SS'), 'SHUT DOWN AND GIVE ME MONEY', 47, 48);
INSERT INTO REVIEWS (REVIEW_ID, REVIEW_DATE, REVIEW_TEXT, USER_ID, TOUR_ID) VALUES (141, TO_DATE('2020-04-06 00:00:00', 'YYYY-MM-DD HH24:MI:SS'), 'JOKER', 47, 49);

INSERT INTO REVIEWS (REVIEW_ID, REVIEW_DATE, REVIEW_TEXT, USER_ID, TOUR_ID) VALUES (142, TO_DATE('2020-04-06 00:00:00', 'YYYY-MM-DD HH24:MI:SS'), 'Jimmy, Jimmy', 48, 48);
INSERT INTO REVIEWS (REVIEW_ID, REVIEW_DATE, REVIEW_TEXT, USER_ID, TOUR_ID) VALUES (143, TO_DATE('2020-04-07 00:00:00', 'YYYY-MM-DD HH24:MI:SS'), 'Yes, Papa', 48, 49);
INSERT INTO REVIEWS (REVIEW_ID, REVIEW_DATE, REVIEW_TEXT, USER_ID, TOUR_ID) VALUES (144, TO_DATE('2020-04-08 00:00:00', 'YYYY-MM-DD HH24:MI:SS'), 'Eating shugar?', 48, 50);

INSERT INTO REVIEWS (REVIEW_ID, REVIEW_DATE, REVIEW_TEXT, USER_ID, TOUR_ID) VALUES (145, TO_DATE('2020-04-08 00:00:00', 'YYYY-MM-DD HH24:MI:SS'), 'No, Papa', 49, 49);
INSERT INTO REVIEWS (REVIEW_ID, REVIEW_DATE, REVIEW_TEXT, USER_ID, TOUR_ID) VALUES (146, TO_DATE('2020-04-09 00:00:00', 'YYYY-MM-DD HH24:MI:SS'), 'Telling lies?', 49, 50);
INSERT INTO REVIEWS (REVIEW_ID, REVIEW_DATE, REVIEW_TEXT, USER_ID, TOUR_ID) VALUES (147, TO_DATE('2020-04-10 00:00:00', 'YYYY-MM-DD HH24:MI:SS'), 'No, Papa', 49, 1);

INSERT INTO REVIEWS (REVIEW_ID, REVIEW_DATE, REVIEW_TEXT, USER_ID, TOUR_ID) VALUES (148, TO_DATE('2020-04-10 00:00:00', 'YYYY-MM-DD HH24:MI:SS'), 'Open your mouce', 50, 50);
INSERT INTO REVIEWS (REVIEW_ID, REVIEW_DATE, REVIEW_TEXT, USER_ID, TOUR_ID) VALUES (149, TO_DATE('2020-04-11 00:00:00', 'YYYY-MM-DD HH24:MI:SS'), 'AHAHAHAH', 50, 1);
INSERT INTO REVIEWS (REVIEW_ID, REVIEW_DATE, REVIEW_TEXT, USER_ID, TOUR_ID) VALUES (150, TO_DATE('2020-04-12 00:00:00', 'YYYY-MM-DD HH24:MI:SS'), 'The end', 50, 2);